00.01.Navigations,,List of Knowledge Contributions ‚Äì KNIFES,,,,,,,,,,,,,,,,,Stlpce pre automaticke generovanie md s√∫borov,,
id,Category,title,Status,Type,Priority,Author,Description,created,"Context, Origin, Why it was initiated?",Technology,SFIA ‚Äì Level,SFIA ‚Äì Domain (?),SFIA ‚Äì Maturity,Related KNIFE,Tags,Potential Outputs,Owner,Comment,FolderName,SidebarLabel,LinkSlug
K000001,Methodology,EA modelovanie a motiv√°cia,hotov√©,Metodika / N√°stroj,üéØ,Roman Kazicka,Syst√©m motiv√°cie pomocou l√≠zaniek a sp√§tnej v√§zby,01.03.2024,"Jedno z prv√Ωch TERNO, vzniklo pri n√°vrhu syst√©mu motiv√°cie v r√°mci t√≠mu",,2,Business Analysis / Modelling,Diagrammatic,,,,,,,,
K000002,Verzionanie-sdlc,Git workflow pre EA modely,v procese,Integr√°cia,üî•,Roman Kazicka,"Multirelease strat√©gie, LemonTree, merge politiky",04.03.2024,Zalo≈æen√© na re√°lnej potrebe rie≈°i≈• multirelease workflow pre EA,,3,Configuration Management,Tool-based,,,,,,,,
K000003,Platformy,LibreOffice + Python integr√°cia,v procese,V√Ωvoj / Integr√°cia,üî•,Roman Kazicka,Skriptovanie v LO cez Python a venv izol√°cie,08.03.2024,Reakcia na po≈æiadavku na modern√Ω v√Ωvoj v LibreOffice ‚Äì Python/venv,,3,Software Development,Scriptable,,,,,,,,
K000004,Technologie,Docker pre ≈°tudentov (K12),pl√°novan√©,Edukaƒçn√©,üß†,Roman Kazicka,Zjednodu≈°en√© n√°vody a obr√°zky pre zaƒçiatoƒçn√≠kov,20.03.2024,Vzniklo ako n√°vrh edukaƒçn√©ho materi√°lu pri tvorbe kurzov pre Docker,,2,DevOps / Infrastructure,Learning-based,,,,,,,,
K000005,RiverOfMyLife,BaZi pre racion√°lne du≈°e,zaraden√©,Osobn√Ω rozvoj / Algoritmika,üí°,Roman Kazicka,Sebapoznanie cez d√°tum a ƒças narodenia (BaZi),18.04.2025,Z√°znam vznikol poƒças diskusie o TCM a racion√°lnom pr√≠stupe k BaZi,,2,Knowledge Engineering,Exploratory,,,,,,,,
K000006,UserGuide,T√≠mov√° spr√°va pr√°v v Gitea,pripomen√∫≈•,Spr√°va Gitea / Pr√°va,üìå,Roman Kazicka,"Rozdelenie pr√°v podƒæa t√≠mov, chr√°nen√© vetvy, PR politiky",08.04.2024,Zaznamenan√© poƒças diskusie o Gitea pr√°vach a workflow ‚Äì T002,,3,Configuration Management,Tool-based,,,,,,,,
K000007,UserGUide,Helper skript na obr√°zky v Markdown,akt√≠vne,Spr√°va/Automatiz√°cia,‚öôÔ∏è,Roman Kazicka,Generovanie obr√°zkov√Ωch blokov do .md vr√°tane URL,17.04.2024,Vzniklo pri n√°vrhu Markdown workflow helpera ‚Äì s√∫visiace s T007,,2,General Knowledge Work,Adaptive,,,,,,,,
K000008,Leadership,DCMM a DAO ‚Äì hodnota leadershipu,pl√°novan√©,Hodnoty / Strategick√©,üß≠,Roman Kazicka,"Sebariadenie, d√¥vera a samoƒçistiace syst√©my",04.04.2024,Diskusia o leadership kvalite v r√°mci strategick√Ωch t√©m ‚Äì T008,,2,Business Analysis / Modelling,Diagrammatic,,,,,,,,
K000009,Marketing,LinkedIn post engine ‚Äì AI automatiz√°cia,koncept,Marketing / AI,üß™,Roman Kazicka,Generovanie postov na LinkedIn z obsahu,10.04.2024,"My≈°lienka z praxe na LinkedIn, s√∫vis s T009 a zdieƒæan√≠m obsahu",,2,General Knowledge Work,Adaptive,,,,,,,,
K000010,Products,OpenAI klient ‚Äì vlastn√° AI komunik√°cia,zaƒçiatok,V√Ωvoj / AI,‚ö°,Roman Kazicka,Appka s prepojen√≠m na OpenAI API a arch√≠v komunik√°cie,13.04.2024,"Zaƒçiatok v√Ωvoja AI n√°stroja, s√∫vis√≠ s pl√°nom T018",,2,General Knowledge Work,Adaptive,,,,,,,,
K000011,LO v√Ωvoj,Main.xba ≈°abl√≥na pre LO Basic,v backlogu,≈†abl√≥ny / LO,üß±,Roman Kazicka,Z√°kladn√° ≈°tartovacia kni≈ænica makier v LibreOffice,09.04.2024,T√©ma makier v LibreOffice ‚Äì samostatn√Ω ≈°tartovac√≠ modul,,2,General Knowledge Work,Adaptive,,,,,,,,
K000012,ModelValidation,EA Workflow Add-In ‚Äì pokroƒçil√© ≈°abl√≥ny,v backlogu,QualityOFModel/EA Add-In,üìÇ,Roman Kazicka,Workflow pre pokroƒçil√Ωch analytikov v EA,10.04.2024,Roz≈°√≠renie pre EA Add-In v r√°mci T012,,3,Configuration Management,Tool-based,,,,,,,,
K000013,ModelValidation,ReadOnlyControl v EA ‚Äì Workflow Add-In,koncept,EA Add-In,üîí,Roman Kazicka,Obmedzenie pr√°v v EA na z√°klade kontextu a roly,10.04.2024,Doplnok k EA Add-In ‚Äì konkr√©tne obmedzenia pr√°v (ReadOnly),,3,Configuration Management,Tool-based,,,,,,,,
K000014,LO Development,Mana≈æ√©r kni≈æn√≠c pre LO Basic,n√°vrh,LibreOffice / Kni≈ænice,üìö,Roman Kazicka,Naƒç√≠tanie a spr√°va kni≈æn√≠c v LO Basic,10.04.2024,N√°stroj pre spr√°vu LO kni≈æn√≠c ‚Äì samostatne definovan√Ω,,2,General Knowledge Work,Adaptive,,,,,,,,
K000015,LO V√Ωvoj,LibreOffice Basic ‚Üí Python migr√°cia,akt√≠vne,Migr√°cia / V√Ωvoj,üîÅ,Roman Kazicka,Konverzia VB makier do Python skriptov,13.04.2024,Migr√°cia z VB do Python ‚Äì vzniklo poƒças T003 a T014,,3,Software Development,Scriptable,,,,,,,,
K000016,LO Development,Helper skript pre LO symbolic link,v testovan√≠,Skriptovanie / LO,üß™,Roman Kazicka,Obnova symbolic linku pre user/scripts/,13.04.2024,Podpora pre v√Ωvojov√© prostredie LO ‚Äì vzniklo poƒças T015,,2,General Knowledge Work,Adaptive,,,,,,,,
K000017,Frameworks,AI-powered TERNO Planner,closed,Pl√°novanie / AI,üìÖ,Roman Kazicka,N√°stroj na spr√°vu a sledovanie TERNA z√°znamov,16.04.2025,Zaznamenan√© poƒças n√°vrhu pl√°novania TERNA ‚Äì prehƒæadov√Ω modul,,2,General Knowledge Work,Adaptive,,,,,,,,
K000019,Development,"BaZi v√Ωpoƒçty ‚Äì algoritmus, hodiny, kalend√°r",zaraden√©,Algoritmika / Osobn√Ω rozvoj,üß†,Roman Kazicka,"V√Ωpoƒçtov√Ω r√°mec BaZi v Pythone alebo Exceli, denn√© a hodinov√© anal√Ωzy, poradca",18.04.2025,Roz≈°√≠renie T005 ‚Äì potreba v√Ωpoƒçtu BaZi a hodinovej anal√Ωzy,,2,Knowledge Engineering,Exploratory,,,,,,,,
K000020,LO Platforma pre komunitu,LibreOffice ako komunitn√° platforma,koncept,Strategick√© / Komunitn√©,üåç,Roman Kazicka,"Podpora LO ako otvoren√©ho, komunitn√©ho ≈°tandardu pre udr≈æateƒæn√© rie≈°enia",10.04.2025,Podpora LO ako komunitn√©ho n√°stroja v r√°mci T003,,3,Software Development,Scriptable,,,,,,,,
K000021,Methodology,Princ√≠p udr≈æateƒænosti v architekt√∫re,koncept,Metodika / SDLC,üå±,Roman Kazicka,Architektonick√© a dizajnov√© rozhodnutia s ohƒæadom na stabilitu a dlhodobos≈•,20.03.2025,Princ√≠p objaven√Ω poƒças reflexie SDLC v T004 a T008,,2,General Knowledge Work,Adaptive,,,,,,,,
K000022,EducationViaJoy,TERNO ‚Äì terapeutick√© formy uƒçenia,pl√°novan√©,Edukaƒçn√© / Kult√∫rne/Edukaƒçn√Ω proces,üé≠,Roman Kazicka,"Satira, em√≥cie a storytelling ako forma v√Ωuky a reflektovania reality",20.03.2025,Diskusia o forme uƒçenia poƒças pl√°novania T004,,2,Learning Design,Teaching-oriented,,,,,,,,
K000023,Smalltalks,AI interakcie ‚Äì ƒçasov√° os a em√≥cie,v n√°vrhu,AI / UX / Sebapoznanie,üß≠,Roman Kazicka,"Zaznamen√°vanie mal√Ωch interakci√≠, small-talkov a sp√§tn√Ωch v√§zieb pre orient√°ciu v ƒçase",13.04.2025,Reflexia poƒças n√°vrhu AI klienta ‚Äì T018,,2,General Knowledge Work,Adaptive,,,,,,,,
K000024,PersonalKMsystem,OneNote ako zdroj metad√°t pre AI,v n√°vrhu,Integr√°cia / Pozn√°mky,üóÉÔ∏è,Roman Kazicka,Prep√°janie osobn√©ho pozn√°mkov√©ho syst√©mu s AI klientom a projektmi,13.04.2025,V√§zba medzi OneNote a projektov√Ωm mana≈æmentom ‚Äì T017,,2,General Knowledge Work,Adaptive,,,,,,,,
K000025,Methodology,Kategoriz√°cia TERNO podƒæa SDLC a 7D,zaraden√©,Metodika / Evidencia,üìä,Roman Kazicka,Zaradenie ka≈æd√©ho TERNO podƒæa f√°zy v√Ωvoja a vedomostnej discipl√≠ny,01.03.2025,Systematiz√°cia potreby klasifikova≈• TERNA ‚Äì vzniklo pri tvorbe SSOT,,2,General Knowledge Work,Adaptive,,,,,,,,
K000026,Framework / Edukaƒçn√©,"KNIFE Framework pre v√Ωvoj a uƒçenie sa (LibreOffice, Python)",v procese,Framework / Metodika / Edukaƒçn√Ω z√°klad,üî•,Roman Kazicka,"Jednotn√Ω r√°mec pre budovanie, testovanie a uƒçenie sa v mal√Ωch krokoch pomocou LibreOffice + Python. Ka≈æd√Ω krok reprezentuje samostatn√∫ jednotku (TERNO), ktor√∫ je mo≈æn√© testova≈• a sp√§tne dohƒæada≈•. Vhodn√© na v√Ωuku aj profesion√°lny v√Ωvoj.",20.04.2025,"Pri v√Ωvoji Personalised Calendards vznikla potreba vytvoriƒç si ‚ÄûDieƒæ≈àu‚Äú pre LO,Projekt 05-LibreOffice, prieƒçinok 01-PersonalisedCalendars/01-Basic-Calendar/4/terno-framework","LibreOffice, Python, VS Code, Testovanie, JSON, Git",3,Software Development,Scriptable,,,,,,,,
K000027,Versioning / Git,Git For Dummies ‚Äì Central Concepts,v pr√≠prave,Edukaƒçn√© / Praktick√©,üéØ,Roman Kazicka,"Jednoduch√© vysvetlenie Git z√°kladov pre zaƒçiatoƒçn√≠kov v GitEA (organiz√°cia, repozit√°r, working directory, atƒè.)",28.04.2025,Vzniklo ako z√°kladn√Ω materi√°l pre ≈°kolenie GitEA procesov a t√≠mov√∫ pr√°cu,"Git, GitEA",2,Software Configuration,Learning-based,,,,,,,,
K000028,CASO-CASA,"Context Aware System Ontology, Approach",v pr√≠prave,Metodika/Framework,,Roman Kazicka,"Ka≈æd√© rie≈°enie je o kontexte. Neexistuje jeden n√°stroj na v≈°tky probl√©my. Toto zasahuje do filozofie. 
V≈°etko je riaden√© spoloƒçn√Ωmi princ√≠pmy, d√° sa uƒçi≈• od star≈°√≠ch discipl√≠n a u≈°etri≈• ƒças. TRIZ, ",11.05.2025,"9.5. som sa op√Ωtal na Orchideu, koƒæko m√° vlastne lupienkov‚Ä¶. 
Vznikol z toho koncept CASO, CASA, a ƒèal≈°ie dial√≥gy. O TRIZ ‚Ä¶ Epistemiologii ‚Ä¶SFIA,",,"6,7","Enterprise and Business Architecture (STPL, ARCH) Information Strategy (ITSP) Innovation (INOV) Change Implementation (CIPM) Methods and Tools (METL) Organizational Capability Development (OCDV) ",Expert,#28-CASA,,,,,,,
K000029,Platformy=OOODEV 4 LO,Prostredie v√Ωvojov√© python pre LO,rie≈°en√©,V√Ωvoj ‚Äì Integr√°cia,üî•,Roman Kazicka,"Profi prostredie pre pyhton dev v LO, OOODEV",16.05.2025,"Po nekonecnych konfiguraciach som poziadal GPT nech najde profi riesenie. Doporucil OOPDEV, tak to idem overit","LO, OOODEV","6,7",Software Development,Solution Architect,,,,,,,,
K000030,GitHUB pages ‚Äì Edu,Pr√≠beh poznania SDLC,V rie≈°en√≠,Vzdel√°vanie-Marketing,üî•,Roman Kazicka,"Pripravujem vzdel√°vacie kurzy, marketing cez LI, PT, YT, keby som priebezne zverejnoval svoju cestu, mal by som co pisa≈• a bolo by to v kontexte KM, SDLC",17.05.2025,"Priprava FIIT, odchad z 365, potreba za zviditelnit a pripadne aj zarobit, dotiahnut projekty, produkty","GitHUB, EA, Python","Level 3 ‚Äì Apply ‚Üí samostatn√° pr√°ca
Level 5 ‚Äì Ensure, Advise ‚Üí zodpovednos≈• za kvalitu, konzultant
Llevel 6 ‚Äì Initiate, Influence ‚Üí strategick√° iniciat√≠va","KM (Knowledge Management), EDS (Education), ITMG (Information Technology Management)",Self learning, ,,,,,,,
K000031,SDLC framework,‚ÄûDocument-as-Code‚Äú framework,V rie≈°en√≠,Praktick√© pou≈æ√≠vanie na v√Ωuku SDLC,üî•,Roman Kazicka,"Tvorba dokumentov ako SDLC proces. Diplomovky, sprievodn√° dokument√°cia pre z√°kazn√≠klov, ‚Ä¶.",18.05.2025,"Pri vytvaran√≠ frameworku pre publikovanie na LI, PT, YT sme dosli k tomuto rie≈°eniu na GITHUB ako Pages‚Ä¶.","GITHyb, Pages, ","Level 4 ‚Äì Enable (alebo L5 ‚Äì Ensure, ak sa zav√°dza vo firme)","NOV, METL, DTAN, DESN, DOCU",3 ‚Äì Defined (mo≈æno dor√°s≈• na 4 ‚Äì Managed),"üìò SFIA vysvetlenie:
SFIA prvok
V√Ωznam v kontexte Document-as-Code
Level 4
Umo≈æ≈àuje ≈°tandardizovan√© pou≈æitie vo v√Ωuke alebo t√Ωme
INOV
Inov√°cie pracovn√Ωch postupov
METL
Metodiky v√Ωvoja a dokument√°cie
DTAN
Digit√°lna anal√Ωza procesov a v√Ωstupov
DESN
Tvorba ≈°trukt√∫r obsahu (dizajn dokument√°cie)
DOCU
Spr√°va ≈æivotn√©ho cyklu dokumentov a ich prepojen√≠
",,,,,,,
K000032,SDLC framework / Release management,‚ÄûEnterprise Document-integrated SDLC‚Äú,V n√°vrhu (alebo V rie≈°en√≠ ‚Äì podƒæa teba),"Firemn√© pou≈æitie, governance, traceability",üî•üî•,Roman Kazicka,"Zavedenie Git-based dokumentaƒçn√©ho frameworku pre prepojenie po≈æiadaviek, rozhodnut√≠ a architekt√∫r naprieƒç SDLC vo firemnom prostred√≠ s mno≈æstvom stakeholderov, JIRA taskov, extern√Ωch dod√°vateƒæov a zlo≈æit√Ωm change mana≈æmentom.",18.05.2025,"Zistenie, ≈æe dokumenty, ktor√© ovplyv≈àuj√∫ produkt a organiz√°ciu, musia by≈• verzovan√© a auditovateƒæn√© ako k√≥d. Git a Pages umo≈æ≈àuj√∫ prepojenie decision trailu s produktov√Ωmi releasmi.","GitHub, Gitea, Pages, MkDocs, Mermaid, Git Actions",Level 5 ‚Äì Ensure / Advise,"GOVN, METL, RELM, DESN, DOCU, SUBD, INOV",2‚Äì3 (Repeatable ‚Üí Defined),,,,,,,,
K000033,Psychol√≥gia pr√°ce / Kontext / Kult√∫ra t√≠mu,Smalltalk ako n√°stroj flowu a kontextu,N√°vrh (draft),Metodika,Stredn√° a≈æ vysok√°,Roman Kazicka,"Zber a reflexia neform√°lnych v√Ωrokov (smalltalkov) ako podpora t√≠movej pohody, flow a bezpeƒçn√©ho kontextu.
Zber a ≈°trukt√∫rovan√° reflexia neform√°lnych v√Ωrokov (‚Äûsmalltalkov‚Äú) v r√°mci dial√≥gu s AI. Smalltalky funguj√∫ ako mikrosp√∫≈°≈•aƒçe pohody, humoru alebo hlb≈°√≠ch vhƒæadov a podporuj√∫ kontextov√∫ s√∫dr≈ænos≈•, flow atmosf√©ru a psychologick√∫ bezpeƒçnos≈•",20.05.2025,"Vzniklo poƒças spolupr√°ce Roman K. + GPT ako reakcia na potrebu zachyti≈• ƒæudsk√Ω rozmer technick√Ωch rozhovorov.
Vzniklo v r√°mci konverz√°ci√≠ s AI (Roman K.), ako reakcia na potrebu udr≈æa≈• ‚Äûƒæudskos≈•‚Äú a kontinuitu medzi technick√Ωmi a osobn√Ωmi t√©mami.","Markdown, GitHub, AI-dialogue, Prozaick√° kult√∫ra",3‚Äì5,"People management, Knowledge sharing, Collaboration",Emerging,"K000002, K000010, K000015, K000021","smalltalk, flow, psychol√≥gia pr√°ce, humor, kult√∫ra t√≠mu","SMALLTALKs.md, ƒçl√°nok, podcast, onboarding booklet",Roman K.,,,,
K000036,Profesia Architekt urbanista na Slovensku,"Pracovno, finanƒçn√Ω ekosyst√©m",n√°vrh,Ako na to?,Vysok√°,Roman Kazicka,"Absolventi architekt√∫ry u≈æ poƒças ≈°t√∫dia s√∫ selektovan√≠  z komerƒçn√Ωch ateli√©rov. Pon√∫kaj√∫ im brik√°dy, pr√≠padne dohody o vykonan√≠ pr√°ce, za cenu nekvalifikovan√Ωch robotn√≠kov.
Po skonƒçen√≠ univerzity, sa ≈°tudenti dost√°vaj√∫ do role ≈æivnostn√≠kov, ale rozpr√°vaj√∫ sa s nimi ako zo zamestnancami.
Je potrebn√© mlad√Ωm ƒæuƒèom jednoduch√Ωm jazykom vysvetli≈• kontext Slovensk√©ho pr√°va, ak√Ωmi z√°konmi sa riadi a ako si maj√∫ vybra≈• akou formou bud√∫ spolupracova≈•.",25.05.2025,"S dc√©rou, ktor√° konƒç√≠ arhitekt√∫ru sa rozpr√°vame o bud√∫cnosti. Z rozhovorou c√≠tim, ≈æe mlad√≠ architekti nemaj√∫ spr√°vne inform√°cie a znalosti o pr√°vnom, ekonomickom a finanƒçnom kontexte svojho statusu voƒçi partnerom v bran≈æi.","Slovensk√© pracovno pr√°vne pr√°vo, obchodn√Ω z√°konn√≠k, da≈àov√© z√°kony.",?,?,?,?,Pracovn√© pr√°vo ,KNIFE na Githube,Roman K.,,,,
K000037,CAS-ContextAwareSolutions,"Context Aware Solutions / paradigma, solution",inprogress,,Vysoka,Roman Kazicka,,26.05.2025,"postupne, ako som si robil kazno ako bude cely ekosystem vyzerat, som prisiel na staru myslienku Kontext je klucovy‚Ä¶",,,,,,,,,,,,
K000038,SSL certificates DIY,Ako si vyrobit automaticke nastavovanie SSL,finished,User guide,done,Roman Kazicka,"Pre FIIT PROLABORATE potrebujem SSL certifikaty, ako pre zakaznikov ako Dusan",28.05.2025,"Pri obnovovani SSL certifkatov som zabijal kopec casu, teraz mam script",,,,,,,,,,,,
K000039,‚ÄûAdvanced GitHub KM Layer‚Äú,Sementicke a kontextove vyhladavanie nad GitHUB,Init,Advance features,Middle,Roman Kazicka,"Nestaci mat len data a informacie, je nevyhnutne ich spajat a dotazovat sa",28.05.2025,"Pocas pripravy struktury CAS , KNIFE licencii, biznis modelu som dosiel na chybajucu vlastnost=kontextove vyhladavanie nad GITOM",,a,,,,,,,,,,
K000040,Publishing,Migracia Joomla -->GitHUB MkDocs,Init,Publishing,Middle,Roman Kazicka,"Zachova≈• hist√≥riu kurzu (2017‚Äì2025), udr≈æa≈• v≈°etko v jednom hlavnom repozit√°ri",06.06.2025,"Pocas pripravy STH-SDLC 2025-2026 a pocas skumania GitHUB Sites, MkDocs som dospel k nazoru, ze by bolo suber premigrovat 
Migr√°cia uƒçebn√Ωch materi√°lov zo star√©ho CMS (Joomla) do modernej dokumentaƒçnej platformy
","JOOMLA, GIRHUB, J2XML, J2MD",,,,,,,,,,,
K000041,Education Framework,GitHUB Education Framework,init,Education Framework,Middle,Roman Kazicka,"Zastre≈°uj√∫ci r√°mec pre vzdel√°vacie kurzy na GitHube (GitHub Classroom, Pages, Docs gener√°tory). Definuje z√°sady, ≈°abl√≥ny, publishing flow a metriky.Skillmea, SEDUO maju vlastny framework , uvodny trailer, potom odskok do platenej verzie. To iste sa da aj na GitHUB.",10.06.2025,"Pri pr√≠prave STH2025‚Äì2026 sa uk√°zalo, ≈æe GitHub + Pages + gener√°tory poskytuj√∫ kompletn√Ω, otvoren√Ω a bezplatn√Ω edukaƒçn√Ω stack.Pocas pripravy STH2025-2026- som si uvedomil, ze GitHub, HitHUb Class, Sites, MkDOks umoznuju vytvorit cely ekosystem. A zadarmo.","GitHUB, Active Presenter",,Learning-based / Methods & Tools,,,"Educations, Frameworks",Framework,ROKA,,,,
K000042,SPA-Framework,SinglePageApplication ‚Äì Webabased desktop app,init,SPA framework,Low,Roman Kazicka,"GitHUb je zaklad aj pre vyvoj aplikacii nezavislych na koncovom zariadenie SPA
Je to obrovsky priestor pre tvor bu vlastnych aplikacii ako KnowMyself",17.06.2025,"Pocas pripravy webinara GitDos-Demo som si uvedomil, ze samotne nastroje pre dokumentovanie vyuzivaju VSC ako Web. Komplexne GUI ale na webe.","GitHUB, VUE, ‚Ä¶",,,,,"Solution Development,
Framework",Framework,ROKA,,,,
K000043,AI based training,Kontrola odpoved√© ≈°tudentov pomocou API na AI,in Progress,AI in education,Middle,Roman Kazicka,Pre veƒæk√Ω poƒçet ≈°tudentov nie je mo≈æn√© kontrolova≈• odpovede na voƒæn√© ot√°zky. AI by mohlo pom√¥c≈•.,21.06.2026,"Poƒças pr√≠pravy repozit√°rov pre STH2025 rie≈°im aj kontroly a komunik√°ciu so ≈°tudentami. Je toho more, ale AI s API by bolo super.",API GPT,,,,,,,,,,,
K000044,BACKUP,OneDrive backup to external disk on QNAP,inProgress,How To,TOP,Roman Kazicka,"This KNIFE explains how to create a full backup of your OneDrive data in cases where the local disk does not have sufficient capacity to mirror the entire cloud content. When 'Files On-Demand' is enabled, standard tools are unable to copy files ‚Äì they can at best read their metadata. However, using tools like `rclone`, it becomes possible to back up the cloud directly without needing local mirroring.",27.07.2025,"Microsoft offers cloud storage up to several terabytes, but over time each storage fills up. At that point, you either have to buy more space or clean up existing data.
¬†
I wanted neither. Since I had enough free capacity on an external disk connected to my QNAP NAS, I decided to create a complete copy of my OneDrive there.
¬†
I had no idea it wouldn't be a trivial task.","rclone, Mac OS, QNAP",,,,,,,,,,,
K000045,ESG- Kr√°tky √∫vod,Z√°kladn√© inform√°cie o ESG,Init,Education Explanantion,Low,Roman Kazicka,"Environment, Social, Government is crutial topic for human being survival. It is important to understand  the background",28.07.2025,"I have attended mandatory training in 365 bank. Excellent lector, important topic.","Heart, Brain",,,,,,,,,,,
K000046,UserGuide,Thunderbird ‚Äì Archive-export,done md,HowTO,Low,Roman Kazicka,Omylom som poslal e-mail do archivu. Mam v  poste asi 60GB udajov. Ako to riesit?,04.08.2025,"Pri rutinnej pr√°ci som omylom poslal e-mail do arch√≠vu. Napadlo ma, ≈æe sa nieƒço nov√© nauƒç√≠m. Mo≈æno u≈°etr√≠m diskov√∫ kapacitu a nestrat√≠m mo≈ænos≈• vyhƒæad√°va≈• v hist√≥rii",Thunderbird,Intermediate,IT Communication,Basic,Thunderbird_Import_Helper.md üîÑ,,,,,,,
K000047,In≈°pir√°cie,KNIFE047 ‚Äì 7S Cycle of Meaningful Knowledge,init,"concepts, methodology",Low,Roman Kazicka,Nov√© in≈°pir√°cie ohƒæadne rie≈°enia aj z pohƒæadu marketingu,04.08.2025,"KNIFE047_Reflexia_a_epistemologia.md, KNIFE047 ‚Äì Epistemol√≥gia 4Curiosis",,,Social Communities,,,,,,,,,
K000048,User Guide,AI ‚Äì Agent in OpenGPT,in progress,HowTo,Low,Roman Kazicka,,04.08.2025,,,,,,,,,,,,,
K000049,UserGuide,"KNIFE049 ‚Äì Vyhƒæad√°vaƒç nad OpenGPT hist√≥riou
",,,,Roman Kazicka,,04.08.2025,,,,,,KNIFE049_Vyhladavac.md,,,,,,,
K000050,User Guide,"Open GPT, vytv√°ranie prompt instructions",In progress,,,Roman Kazicka,Vznizkli instrukcie pre zvedavych‚Ä¶,04.08.2025,,,,,,,,,,,,,
K000051,Marketing,Google analytics ‚Äì Fundamentals,new,HowTo,Low,Roman Kazicka,Bez sp≈àtnej v√§zby je v≈°etko n√°roƒçnej≈°ie. GA4 poskytuje marketingov√© sp√§tn√© v√§zby,04.08.2025,,,,,,,,,,,,,
K000052,Framework / Edukaƒçn√©,GitHub LMS Framework ,new,Education Framework,duplicity K000041,Roman Kazicka,,04.08.2025,,,,,,,,,,,,,
K000053,Framewok for Project Management,Framework for Project Management in GitHUB,new,SDLC framework,low,Roman Kazicka,"M√°m stra≈°ne veƒæa t√©m, veƒæa √∫loh, ako to mana≈æova≈•, aby som sa neutopil v nesplnen√Ωch √∫loh√°ch, pr√≠padne nezabudol na d√¥le≈æit√© t√©my a neobjavoval ich znova a znova?",10.08.2025,,,,,,,,,,,,,
K000054,Best Practice,Docusaurus Advanced Deployment Pipeline,new,"‚ÄûAko si nastavi≈• build a deploy tak, aby ≈•a chr√°nil pred sebou sam√Ωm.‚Äú",,Roman Kazicka,"Kontrola referenci√≠ v Docusaurus/MkDocs
	‚Ä¢	DRY-run, strict a full link-check, detekcia ch√Ωb na zaƒçiatku procesu
	‚Ä¢	Prevencia ‚Äún√°≈°ƒæapn√Ωch m√≠n‚Äù pred buildom
	‚Ä¢	Mo≈ænos≈• zaradi≈• ako QA krok do CI/CD",10.08.2025,,,,,,,,,,,,,
K000055,Best Practice,Ako obnovi≈• stav z minulosti?,inprogress,Obnov mi dobr√© √∫daje,now,Roman Kazicka,"Ako si obnovi≈• pokazn√© s√∫bory? Ak m√°m v minulosti zachyten√© dobr√© √∫daje, nie je probl√©m sa k nim vr√°ti≈•.
	stash, branch sandbox, pr√°ca mimo main
	‚Ä¢	Obnova prieƒçinkov alebo s√∫borov z konkr√©tneho commitu
	‚Ä¢	Praktick√© situ√°cie, kedy to pou≈æi≈•, a ako sa vyhn√∫≈• strate d√°t",10.08.2025,,,,,,,,,,,,,
K000056,Best Practice,Central Panel for GIT ‚Äì SDLC Git Management Makefile,done md,Spr√°va s√∫borov s git odporou,,Roman Kazicka,"‚Ä¢	Jeden Makefile ako ‚Äûsingle point of control‚Äú
	‚Ä¢	V≈°etky Git oper√°cie, build/deploy, kontrola odkazov, sandbox, stash management
	‚Ä¢	Prepojenie s princ√≠pom 3√ó mera≈•, raz reza≈•
	‚Ä¢	Mo≈ænos≈• adaptova≈• pre r√¥zne gener√°tory HTML (Docusaurus, MkDocs, Hugo‚Ä¶)
Podƒæa m≈àa by si to mohol v KNIFE_Overview zaradi≈• aj ako tematick√∫ trojicu pod spoloƒçn√Ω tag, napr.
[KNIFE: Git-SDLC-Tools] alebo [KNIFE: Git-Advanced].
Tak sa to d√° pekne pou≈æi≈• aj v kurze ako jedna lekcia s troma kapitolami ‚Äì kontrola, obnova, centr√°lne riadenie.",11.08.2025,,,,,,,,,,,,,
K000057,Management-Reporting,AI Agent na monitoroavanie n√°kladov OpenGPT,new,Reporting nad komunik√°ciou s OpenGPT formou AI Agenta,now,Roman Kazicka,"Automatick√© reportovanie vstupn√Ωch a v√Ωstupn√Ωch tokenov.Presne tak ‚Äì toto m√° perfektn√Ω predpoklad sta≈• sa AI Agentom, ktor√Ω:
Vie ƒç√≠ta≈• tvoje konverz√°cie z dan√©ho projektu.
Vie ich prepoji≈• s tvojimi tagmi (napr. K000055, Docusaurus, SDLC‚Ä¶)
Vie spravi≈• sum√°r tokenov a n√°kladov za ƒæubovoƒæn√© obdobie.
Vie urobi≈• porovnanie medzi projektmi (napr. ‚ÄúGitHub LMS‚Äù vs ‚ÄúKNIFE‚Äù).
Vie urobi≈• ranking ‚Äì najdrah≈°√≠ de≈à, t√©ma, alebo dokonca konkr√©tny prompt.
Tak√Ωto agent by si vedel zapn√∫≈• aj naprieƒç v≈°etk√Ωmi projektmi a raz za mesiac ti poslal ‚Äúvy√∫ƒçtovanie‚Äù + ‚ÄúTop 5 t√©m, ktor√© p√°lili tokeny‚Äù + odhadovan√∫ hodnotu v eur√°ch.
Ak chce≈°, m√¥≈æem ti teraz:
Urobi≈• retro-v√Ωpoƒçet tokenov pre tento projekt (od zaƒçiatku).
Pripravi≈• ≈°abl√≥nu AIAgenta na token tracking, ktor√∫ by si potom vedel spusti≈• v akomkoƒævek projekte.
",11.08.2025,"V jednom okamihu sa komunik√°cia zastavila na strane GPT  st√Ωm, ≈æe m√° n√°roƒçn√∫ ulohu, ale ≈æe dnes to bude. Tak ma napadlo, koƒæko tak√© ‚Äûkecanie‚Äú konzumuje tokenov. Super pr√≠prava pre vlastn√© API rie≈°enia",,,,,,,,,,,,
K000058,Management-Reporting-from the Past,AI Agent na monitoroavanie n√°kladov OpenGPT od poƒçiatku komunik√°cie,new,Reporting od zaƒçiatku komunik√°cie,now,Roman Kazicka,"Ak√° bola intenzita komunik√°cie od zaƒçiatku, koƒæko by to st√°lo cez API, Ktor√© t√©my skonzumovali najviac energie?",11.08.2025,,,,,,,,,,,,,
K000059,Methodology,STEM a Makerspace ako metodika vzdel√°vania,New,Syst√©m pre vzdel√°vanie,now,Roman Kazicka,Spoljupracujem s Makerspace od roku 2016. POJEM STEM  som priprodzene zahrnul do  svojich metod√≠k. Je vhodn√© to zviditeƒæni≈• v mojich aktivit√°ch,24.08.2025,"Poƒças pr√≠pravy STHDF 2025-2025 so pri≈°iel na to, ≈æe to m√°m zaradi≈• do osnov",,,,,,,,,,,,
K000060,User Guide,Export Draw.io diagramu do A4 PNG,done md,Ako na to?,done,Roman Kazicka,Ako pripravi≈• Drawio ob√°zok aby sa v≈ædy vmestil na A4 form√°t?,24.08.2025,,,,,,,,,,,,,
K000061,Security concept,Passkey ako bezpeƒçnostn√Ω koncept,new,Explanation,,Roman Kazicka,Ako funguje keypass?,24.08.2025,,,,,,,,,,,,,
K000062,Docusaurus Concept,Docusaurus slugy a routing,new,Explanation,,Roman Kazicka,Ako funguj√∫ SLUGS v Docusaurus,24.08.2025,,,,,,,,,,,,,
K000063,User Guide,Automatick√© generovanie KNIFES,new,User guide,,Roman Kazicka,Ako pou≈æ√≠va≈• automatiz√°ciu pri generovan√≠ KNIFES,24.08.2025,,,,,,,,,,,,,
K000064,Marketing,"GA4, GTN, UTM",new,"User Guides, principles",done,Roman Kazicka,"Ako funguje AG4, TGM a UTM?",27.08.2025,"Marketig patr√≠ medzi z√°kladn√© aktivity ka≈æd√©ho autora. Technici t√∫to discipl√≠nu podce≈àuj√∫. Podƒæa metodikyu Q12 je to potrebn√© zabezpeƒçe≈•, aby sme mali sp√§tn√∫ v√§zbu na na≈°e aktivty z trhu.",,,,,,,,,,,,
K000065,Administration,"MAKEFILE for KNIFE Ecosystem for Mac,Windows, Linux",New,GitHub Administration,now,Roman Kazicka,"Administr√°cia ecosyst√©mu KNIFE je pomerne komplexn√° √∫loha. Framework podporuje MacOS, Windows a Linux. MAKEFIEL umo≈æ≈àuje administr√°ciu z jedn√©ho miesta.",31.08.2025,"Pri pr√≠prave treidy sa nabaƒæuj√∫ nov√© a nov√© pod√∫lohy, ktor√© musi by≈• splnen√© pred vyugenerovan√≠m samotnej triedy zo ≈°abl√©ny pre triedu. T√°to ≈°abl=ona by mala obsahova≈• v≈°etky tieto vylep≈°enia",,,,,,,,,,,,
K000066,SubscriptionPlans,Porovnanie biznis pl√°nov GitHub,New,Biznis pl√°ny GitHub-Prehƒæad,now,Roman Kazicka,Ak√° s√∫ ≈°tartovacie n√°klady na profesion√°lny ekosyst√©m v r√°mci GitHub?,01.09.2025,Poƒças pr√≠pravy na semster a z√≠skan√≠ Edu Benefit ma zauj√≠mali ceny za komenƒçn√© pou≈æitoe,,,,,,,,,,,,
K000067,User Guide,GitHub Deployment strat√©gie,new,Koncepty,now,Roman Kazicka,"Deployment obsahu v GitHube sa d√° vykona≈• viacer√Ωmi sp√¥sobmi.
Obsah v MD s√∫boroch sa d√° konzumova≈• cez GitHub, cez Web Pages a Web Pages namapova≈• na vlastn√∫ dom√©nu. Tu je to pop√≠san√© ako sa to rob√≠",02.09.2025,,,,,,,,,,,,,
K000068,User Guide,Kruhov√Ω portr√©t v GIMP,new,N√°vod,now,Roman Kazicka,Pri publikovan√≠ na Web potrebujem kruhov√Ω form√°t obr√°zkov. Najjednoduch≈°ie je pou≈æi≈• GIMP. Pr√°ca na 5 min√∫t,05.09.2025,,,,,,,,,,,,,
K000069,Mentoring,"Kto ma pochv√°li, ak sa nepochv√°lim s√°m?",new,In≈°pir√°cie na hodnotov√Ω marketing seba sam√©ho,now,Roman Kazicka,"Pre mnoh√Ωch je ≈•a≈æko p√≠sa≈• o sebe. ƒΩahko sa skƒ∫zne buƒè ku prece≈àovaniu, alebo naopak ku podce≈àovaniu.
Je to ako s marketingom. Len predmetom propag√°cie sme my sami.
Ak osa prezenetova≈•, pravdivo, transparentne?",05.09.2025,"Pri ka≈ædej aktualiz√°cii CV, pri ka≈ædej aktualiz√°ci√≠ profilov m√°m ot√°zky, ƒço a ko o sebe prezentova≈•. Viem, ≈æe nie som s√°m, a hƒæadanie odpoved√≠ na moje ot√°zky, m√¥≈æe pom√¥c≈• aj ƒèal≈°√≠m.",,,,, 7S Cycle of Meaningful Knowledge,,,,,,,
K000070,Knowledge sharing,EA Fundamentals,new,"Training on the praxis-praktick√Ω webin√°r ako zaƒça≈• pracova≈• s technol√≥giou Enterprise Architect.
Cca 6 hodinov√Ω webin√°r o z√°kladn√Ωch nastaveniach EA 16+",Sparxsystems,Roman Kazicka,"Enterprise architect (Sparxsystems technologies) je univerz√°lny modelovac√≠ n√°stroj.
Od roku 2000 ho pou≈æ√≠vam prakticky na dennej b√°ze a pom√°hal mi v ka≈ædej roly, do ktorej som bol anga≈æovan√Ω. Technick√© roly, ale aj v Top managemente, ITSM, TOGAF, od konceptov, top level architekt√∫ry, solutiopn architekt√∫ry, anal√Ωzy, dizajnu, testovanie, v prev√°dzke.
EA je veƒæmi komplexn√Ω, m√° bohat√∫ dokument√°ciu, napriek tomu je uƒçiaca krivka n√°roƒçn√°.
Webin√°r pon√∫ka prehƒæadnou formou √∫k√°≈æky v podobe praktick√Ωch pr√≠kladov vlastnosti ause casy v ktor√Ω je mo≈æn√© EA pou≈æ√≠va≈•.",05.09.2025,"Dokument√°cia v IT ‚Äì strategick√° hodnota, alebop strata ƒçasu https://leanpub.com/7D",,,,,,,,,,,,
K000071,Methodology,7Ds-Seven Disciplines for successful solutions,ongoing,Metodika,medium,Roman Kazicka,"Metodika je zameran√° na podporu aktiv√≠t v r√°mci SDLC. Ka≈æd√° potenc√°lna iform√°cia m√° svoje miesto. A je √∫plne jedno v akej technol√≥gi√≠ sa implementuje.
Ja som ju implementoval ako MDG do EA Sparxsystems,
Do GitHUB,
Rozpravcovan√© je vo One Note",05.09.2025,T√∫to metodiku pou≈æ√≠vam asi 15 rokov. Pred 10 rokmi som o nej vydal aj knihu,,,,,,,,,,,,
K000072,Methodology,"APV-Assets-Perspectives-Views, Keep Your Aseests in Order",ongoing,Metodika,medium,Roman Kazicka,"Metodika na podporu mana≈æmentu akt√≠v v r√°mci SDLC. 
TAXON√ìMIA, ONTOL√ìGIA akt√≠v a ich vz≈•ahiv z pohƒæadu r√¥znych rol√≠, aby platilo 3RS- Right ‚Äì Information-For Right Role- In Right Time",05.09.2025,"Na tejto metodike pracujem minim√°lne od roku 2008. 8 Rokov som ju verifikoval v VW Bratislava na cca 50000 evidovan√Ωch akt√≠vach IT. Je to nov√° veƒæ√° t√©ma, bez ktorej IT nem√¥≈æe napredova≈•,",,LEVEL 6- expert,Enterprise architecture,Expert,,,,,,,,
K000073,Methodology,Q12- Twelve quadrants for starting business,ongoing,Metodika,medium,Roman Kazicka,"Metodika zameran√° na 12 kvadrantov, ktor√© je minim√°lne potrebn√© zohƒæadni≈• pri budovan√≠ nov√©ho biznisu. Vhodn√© najm√§ pre startupy, ale aj pre ka≈æd√©ho jednotlivca, ktor√Ω by chcel rozbehn√∫≈• vlastn√© podnikanie. ",05.09.2025,"T√∫to metodiku som vypracoval pred 10 rokmi. S√°m sa ≈àou nech√°vam in≈°pirova≈•, ale nie som dos≈• d√¥sledn√Ω. Pl√°nujem to zmeni≈•. A aj keƒè nevypl≈àam jednotliv√© kapitoly do nejak√©ho syst√©mu, niekde v podvedm√≠ sa riadim z√°kladn√Ωmi princ√≠pmi.",,Level 5 ‚Äì Ensure / Advise,Biznis development,Beginner,,,,,,,,
K000074,Methodology,SDLC-Solution Development Life Cycle,ongoing,Metodika,medium,Roman Kazicka,"T√°to metodika vych√°dza z univerz√°lneho V ‚Äì modelu. Podporuje princ√≠ly vuizu√°lneho mana≈æmentu v r√°mci cel√©ho ≈•ivotn√©ho cyklu rie≈°en√≠. To z√°h≈ï≈àa desiatky rol√≠ a stovky rol√≠ v r√°tane z√°kazn√≠ka, dod√°vateƒæa, subdod√°vateƒæov, a podnikateƒæsk√©ho prostredia, regul√°torov, z√°konov, politickej situ√°cie",05.09.2025,"Od zaƒçiatku svojej profesion√°lnej kari√©ry vych√°dzam z V modelu a jeho princ√≠pov. Nie v≈ædy dodr≈æujem princ√≠py, z r√¥znych d√¥vodov, ale pom√°ha mi to pochopi≈• kontext cel√©ho rie≈°enia",,Level 3 ‚Äì Apply ‚Üí samostatn√° pr√°ca,Solution Development,Beginner,,,,,,,,
K000075,Methodology,Lean canvas,done md,Metodika,medium,Roman Kazicka,Implemet√°cia Lean canvas do celkov√©ho frameworku pre podporu vytv√°rania rie≈°en√≠. Patr√≠ ku metodike Q12,05.08.2025,"Ka≈æd√© rie≈°enie si zasl√∫≈æi anal√Ωzu z pohƒæadu jednoduch√©ho biznis pl√°nu. Pokiaƒæ nem√°m aspo≈à koncept bisnis pl√°nu, ak√© je ≈°anca na √∫se≈°n√∫ realiz√°ciu projektu?",,Level 3 ‚Äì Apply ‚Üí samostatn√° pr√°ca ,Bisnis development,Beginner,,,,,,,,
K000076,Methodology,"CAA- Context Aware Approach, CASY-Context Aware Systems, CASo-Context Aware Solution",ongoing,Metodika na Solution development,medium,Roman Kazicka,"Neexistuje situ√°cia, kedy m√¥≈æeme ignorova≈• kontext. Neznalos≈• tohto princ√≠pu vedie k obrovsk√Ωm nepochopeniam, chyb√°m, manipul√°ciam, sporom. √öplne zbytoƒçne. Ak sa na zaƒçiatku ujasn√≠ kontext, tak okam≈æite sa dostavuje porozumenie a nast√°va kon≈°trukt√≠vny pr√≠stup.
Tam kde sa precuje s manip√°ciami, je takmer ist√©, ≈æe ss vedome , ale aj neveome menia kontexty. Hovor√≠ sa ‚ÄûJa o koze a ty o voze‚Äú , ale ka≈æd√Ω si mysl√≠, ≈æe m√° pravdu, ≈æe ten druh√Ω je blbec. A to nehovor√≠m o politickej manipul√°cii z√°mern√©ho pods√∫vania in√Ωch kontextov bez objasnenia kontextov. ",05.09.2025,"Na ka≈ædom kroku  sa stret√°vam s nepochopen√≠m tohto  z√°kladn√©ho princ√≠pu. Ujasnime si na≈°e kontexty a potom sa rozpr√°vajme.
Ak to takto pomenujeme, okam≈æite odhal√≠me vedom√© manipul√°cie, pr√≠padne zn√≠≈æime nevedom√© nedorozumenia.
 Napr√≠klad diskusia ‚Äûƒåo je lep≈°ie Apple alebo windows‚Äú,
BMW alebo DACIA?
Bentley alebo MAIBACH?
Ak si ujasn√≠me kontext, ak√© krit√©ria, v akej situ√°ci je ktor√© rie≈°enie lep≈°ie, prest√°va by≈• priestor na spor, a vytv√°ra sa kon≈°truk√≠vna atmosf=√©ra na rie≈°enia k√©hokoƒævek probl√©mu, v malom, aj vo veƒækom.
",,LEVEL 6- expert,"Relationship development
Trust development",High awareness,,,,,,,,
K000077,Methodology,KNIFE047 ‚Äì 7S Cycle of Meaningful Knowledge,ongoing,Metodika na hodnotv√Ω markerting ‚Äì PULL marketing,medium,Roman Kazicka,"Modern√© technol√≥gie umo≈æ≈àuj√∫ vyu≈æ√≠va≈• a zneu≈æ√≠va≈• r√¥zne techniky marketingu. ƒåo si zvol√≠me PUSH, alebo PULL pr√≠stup. T√°to metodika je zameran√° na PULL marketing. 
Re≈°pekt slobodn=ho rozhodovania bez ak√©hokoƒævek n√°tlaku (napr. ƒçasovo limitovan√© zƒæavy)
Marketing budovan√Ω na z√°klade d√¥very a spoloƒçn√Ωch hodn√¥t",05.09.2025,"Nem√°m r√°d n√°tlakov√Ω marketing. Sna≈æ√≠m sa budova≈• osobn√∫ znaƒçku, dobr√∫ reput√°ciu, d√¥veru bez n√°tlaku, na z√°kladu kvaluty a re≈°pektu.",,LEVEL 2,"Relationship development
Trust development",High awareness,,,,,,,,
K000078,Implement√°cia,Language as a Bridge (AI ako most medzi jazykmi),ongoing,"Implement√°cia, n√°stroje, Procesy",medium,Roman Kazicka,"Language as a Bridge ‚Üí implement√°cia, n√°stroje, procesy (ako).",05.09.2025,"Typ: Praktick√Ω n√°vod / Metodika
	‚Ä¢	Status: Draft
	‚Ä¢	Obsah:
	1.	Struƒçn√Ω recap LaaS (odkaz na K000055).
	2.	Ako AI umo≈æ≈àuje mosty medzi jazykmi.
	3.	GitHub CI/CD pr√≠klady (preklady Markdown s√∫borov).
	4.	LinkedIn posty ‚Äì autenticita v materinskom jazyku vs. preklad pre glob√°lne publikum.
	5.	Dopady pre ≈°tudentov (p√≠sa≈• autenticky, AI sa postar√° o zvy≈°ok).
	‚Ä¢	Motto:
‚ÄûJazyk nemus√≠ by≈• bari√©rou. AI stavia mosty, aby sme mohli ka≈æd√Ω r√°s≈• na vlastnej p√¥de.‚Äú",,LEVEL 6- expert,Solution Development,Expert,"055 ‚Äì KNIFE_LaaS ‚Üí fundament, hodnoty, filozofia (preƒço a ƒço).",,,,,,,
K000079,Glossary,ƒåo znamen√° slovo ≈æe je nieƒço idempotentn√©?,now,Vysvetlenie pojmu,medium,Roman Kaziƒçka,Dos≈• ƒçasto sa zaƒçalo pou≈æ√≠va≈• slovo idempotentn√° oper√°cia. Ako to ale vzniklo? Preƒço to vzniklo?,15.09.2029,"Pri pr√≠prave ≈°trukt√∫ry adres√°rov pre repozit√°r roƒçn√≠ka publik sme pri≈°li ku skriptu, ktor√Ω nazval AI idempotentn√Ω skript. Po≈æiadal som o vysvetlenie aj s hist√≥riou slova",,,,,,,,,,,,
K000080,Explanation,Docusaurus-vs-github-pages-package-json,now,Docusaurus vs. GitHub Pages. Architekt√∫ra,medium,Roman Kaziƒçka,Ako vytvori≈• OS agnostck√© prostredie pre KNIFE? Poznanie architekt√∫ry odpovie na ot√°zku jednotn√©ho syst√©mu pre v√Ωvoj KNIFES,17.09.2025,"Poƒças pr√≠pravyi ekosyst√©mu pre windows, vznikla potreba ak√° je architekt√∫ra GitHub a Docusaurus a ako to urobi≈• univerz√°lne","GitHub, React, Docusaurus",,,,,,,,,,,
K000081,Infrastructure,Transparentn√° -Stabiln√° infra≈°trukt√∫ra pre Sites,idea,N√°vod na rie≈°enie,hi,Roman Kaziƒçka,"Poƒças pr√°ce s GitHub a Pages je potrebn√© ma≈• zladen√© prostredie na klientovi a na serveri. Lok√°l je z√°visl√Ω od OS, od verz√≠ v√Ωvojov√Ωch n√°strojov. Ide√°lne by bolo, keby existovalo stabiln√©, opakovateƒæn√© prostredie pre vytvorenie lok√°lneho prostredia, bez ohƒæadu na operaƒçn√Ω syst√©m na klientovi ‚Äì Windows, Mac, Linux.",25.09.2025,"Keby som mal vlasy, boli by ako sned na hor√°ch. Keby som sa nerozhodol pre Sites, tedz Web pr√≠stup ku svojmu obsahu, u≈°etril by som mno≈æstvo ƒçasu. Ale stratil by som z√°kladn√∫ hodnotu- Jednoduch√Ω Web pr√≠stup k tomuto obsahu.","GitHUb, React, Docusaurus, Windows, Mac, Linux",LEVEL -6-Expert,Architecture,Expert,,,,,,,,
K000082,UserGuide pre Markdown,Ako urobi≈• text v MD atrakt√≠vnej≈°√≠ (emoji),done md,N√°vod na rie≈°enia,low,Roman Kaziƒçka,ƒå√≠tanie s porozumen√≠m je veƒæmi n√°roƒçn√° discipl√≠na. Preto je d√¥le≈æit√© pribl√≠≈æi≈• text ku pr√≠behu pomocou mal√Ωch obr√°zkov. Dobr√Ω kandif‚Äôd√°t je EMOJI,25.09.2025,"Pri p√≠san√≠ KNIFE ƒçlovek potrebuje p√≠sa≈• r√Ωchlo, lebo KNIFE nie je jeho prim√°rny cieƒæ. Ka≈æd√° pom√¥cka  je cenn√°, ≈°etr√≠ ƒças.",Markdown,beginer,Documentation,,,,,,,,,
K000083,UserGuide,Aktualiz√°cia komponentov pre Docusaurus,done md,N√°vod na rie≈°enie,low,Roman Kaziƒçka,"V≈°etko m√° ≈æivotn√Ω cyklus. Na≈°e dokumenty, ale aj syst√©my a n√°stroje, ktor√© pou≈æ√≠vame. Preto nikdy nem√°me stabiln√©, nemenn√© prostredie. Tak Aj docusaurus sa st√°le mn√≠ a vznikaj√∫ z√°vislosti a ƒçlovek sa m√¥≈æe zbl√°zni≈• a rie≈°i infra≈°trukt√∫ru a nie to ƒço potrebuje rie≈°i≈•.",25.09.2025,"Keƒè si u≈æ mysl√≠≈°, ≈æe si dokonƒçil svoju p√°cu a chce≈° √≠s≈• spa≈•, commitne≈° posledn√∫ zmenu, otestovan√∫ na lok√°li a pusnesh to na server, u≈æ sa te≈°√≠≈° do postele, ale preds apo oƒçku pozrie≈• na server ƒçi ti to builduje‚Ä¶. ƒåerven√° ikona ≈•a vyvedie z omylu‚Ä¶. A zaƒç√≠na≈° noƒçn√∫. Nie v posteli ale za kl√°vesnicou‚Ä¶","Development, Maintenance",L1-L8 everybody,Maintenence,,,,,,,,,
K000084,UserGuide,Ako aktivova≈• na GitHube EDU benefity,in progress,N√°vod na rie≈°enie,low,Roman Kaziƒçka,"Pokiaƒæ  spƒ∫≈àa pou≈æ√≠vateƒæ krit√©ri√° GitHub, m√¥≈æe dosta≈• pre seba pre svoj profil status ƒçlena EDU organiz√°cie. M√° to viaceroo v√Ωhod ako Sites pre priv√°tne reposit√°re, ƒço by st√°lo 3‚Ç¨/mesiac. Detailnej≈°ie v inom Knife. V tomto pr√≠spevku je samotn√° aktiv√°cia t√Ωchto benefitov",26.09.2025,,,,,,,,,,,,,
RKA_K000099,Testy,Testovac√≠ knife,,,,,Tento riadok sl√∫≈æi na overenie funkƒçnosti gener√°tora,27.09.2025,len tak,,,,,,,,,,,,
