ID,display_id,GUID,ShortTitle,Category,Type,Status,Priority,Date,Author,Authors,Tags,Description,FolderName,SidebarLabel,LinkSlug,Org,Project,Locale,Unnamed: 0,List of Knowledge Contributions ‚Äì KNIFES,Unnamed: 2,Unnamed: 3,Unnamed: 4,Unnamed: 5,Unnamed: 6,Unnamed: 7,Unnamed: 8,Unnamed: 9,Unnamed: 10,Unnamed: 11,Unnamed: 12,Unnamed: 13,Unnamed: 14,Unnamed: 15,Unnamed: 16,Unnamed: 17,Unnamed: 18,Unnamed: 19,Unnamed: 20,Unnamed: 21,Stlpce pre automaticke generovanie md s√∫borov,DisplayID
,,,,,,,,,,,,,untitled,,,,,,,ShortTitle,Description,Status,Category,Type,Tags,Author,DisplayID,GUID,created,Priority,"Context, Origin, Why it was initiated?",Technology,SFIA ‚Äì Level,SFIA ‚Äì Domain (?),SFIA ‚Äì Maturity,Related KNIFE,Potential Outputs,Owner,FolderName,SidebarLabel,LinkSlug,
,,,,,,,,,,,,,untitled,,,,,,K000001,EA modelovanie a motiv√°cia,Syst√©m motiv√°cie pomocou l√≠zaniek a sp√§tnej v√§zby,hotov√©,Methodology,Metodika / N√°stroj,,Roman Kazicka,,,01.03.2024,üéØ,"Jedno z prv√Ωch TERNO, vzniklo pri n√°vrhu syst√©mu motiv√°cie v r√°mci t√≠mu",,2,Business Analysis / Modelling,Diagrammatic,,,,,,,
,,,,,,,,,,,,,untitled,,,,,,K000002,Git workflow pre EA modely,"Multirelease strat√©gie, LemonTree, merge politiky",v procese,Verzionanie-sdlc,Integr√°cia,,Roman Kazicka,,,04.03.2024,üî•,Zalo≈æen√© na re√°lnej potrebe rie≈°i≈• multirelease workflow pre EA,,3,Configuration Management,Tool-based,,,,,,,
,,,,,,,,,,,,,untitled,,,,,,K000003,LibreOffice + Python integr√°cia,Skriptovanie v LO cez Python a venv izol√°cie,v procese,Platformy,V√Ωvoj / Integr√°cia,,Roman Kazicka,,,08.03.2024,üî•,Reakcia na po≈æiadavku na modern√Ω v√Ωvoj v LibreOffice ‚Äì Python/venv,,3,Software Development,Scriptable,,,,,,,
,,,,,,,,,,,,,untitled,,,,,,K000004,Docker pre ≈°tudentov (K12),Zjednodu≈°en√© n√°vody a obr√°zky pre zaƒçiatoƒçn√≠kov,pl√°novan√©,Technologie,Edukaƒçn√©,,Roman Kazicka,,,20.03.2024,üß†,Vzniklo ako n√°vrh edukaƒçn√©ho materi√°lu pri tvorbe kurzov pre Docker,,2,DevOps / Infrastructure,Learning-based,,,,,,,
,,,,,,,,,,,,,untitled,,,,,,K000005,BaZi pre racion√°lne du≈°e,Sebapoznanie cez d√°tum a ƒças narodenia (BaZi),zaraden√©,RiverOfMyLife,Osobn√Ω rozvoj / Algoritmika,,Roman Kazicka,,,18.04.2025,üí°,Z√°znam vznikol poƒças diskusie o TCM a racion√°lnom pr√≠stupe k BaZi,,2,Knowledge Engineering,Exploratory,,,,,,,
,,,,,,,,,,,,,untitled,,,,,,K000006,T√≠mov√° spr√°va pr√°v v Gitea,"Rozdelenie pr√°v podƒæa t√≠mov, chr√°nen√© vetvy, PR politiky",pripomen√∫≈•,UserGuide,Spr√°va Gitea / Pr√°va,,Roman Kazicka,,,08.04.2024,üìå,Zaznamenan√© poƒças diskusie o Gitea pr√°vach a workflow ‚Äì T002,,3,Configuration Management,Tool-based,,,,,,,
,,,,,,,,,,,,,untitled,,,,,,K000007,Helper skript na obr√°zky v Markdown,Generovanie obr√°zkov√Ωch blokov do .md vr√°tane URL,akt√≠vne,UserGUide,Spr√°va/Automatiz√°cia,,Roman Kazicka,,,17.04.2024,‚öôÔ∏è,Vzniklo pri n√°vrhu Markdown workflow helpera ‚Äì s√∫visiace s T007,,2,General Knowledge Work,Adaptive,,,,,,,
,,,,,,,,,,,,,untitled,,,,,,K000008,DCMM a DAO ‚Äì hodnota leadershipu,"Sebariadenie, d√¥vera a samoƒçistiace syst√©my",pl√°novan√©,Leadership,Hodnoty / Strategick√©,,Roman Kazicka,,,04.04.2024,üß≠,Diskusia o leadership kvalite v r√°mci strategick√Ωch t√©m ‚Äì T008,,2,Business Analysis / Modelling,Diagrammatic,,,,,,,
,,,,,,,,,,,,,untitled,,,,,,K000009,LinkedIn post engine ‚Äì AI automatiz√°cia,Generovanie postov na LinkedIn z obsahu,koncept,Marketing,Marketing / AI,,Roman Kazicka,,,10.04.2024,üß™,"My≈°lienka z praxe na LinkedIn, s√∫vis s T009 a zdieƒæan√≠m obsahu",,2,General Knowledge Work,Adaptive,,,,,,,
,,,,,,,,,,,,,untitled,,,,,,K000010,OpenAI klient ‚Äì vlastn√° AI komunik√°cia,Appka s prepojen√≠m na OpenAI API a arch√≠v komunik√°cie,zaƒçiatok,Products,V√Ωvoj / AI,,Roman Kazicka,,,13.04.2024,‚ö°,"Zaƒçiatok v√Ωvoja AI n√°stroja, s√∫vis√≠ s pl√°nom T018",,2,General Knowledge Work,Adaptive,,,,,,,
,,,,,,,,,,,,,untitled,,,,,,K000011,Main.xba ≈°abl√≥na pre LO Basic,Z√°kladn√° ≈°tartovacia kni≈ænica makier v LibreOffice,v backlogu,LO v√Ωvoj,≈†abl√≥ny / LO,,Roman Kazicka,,,09.04.2024,üß±,T√©ma makier v LibreOffice ‚Äì samostatn√Ω ≈°tartovac√≠ modul,,2,General Knowledge Work,Adaptive,,,,,,,
,,,,,,,,,,,,,untitled,,,,,,K000012,EA Workflow Add-In ‚Äì pokroƒçil√© ≈°abl√≥ny,Workflow pre pokroƒçil√Ωch analytikov v EA,v backlogu,ModelValidation,QualityOFModel/EA Add-In,,Roman Kazicka,,,10.04.2024,üìÇ,Roz≈°√≠renie pre EA Add-In v r√°mci T012,,3,Configuration Management,Tool-based,,,,,,,
,,,,,,,,,,,,,untitled,,,,,,K000013,ReadOnlyControl v EA ‚Äì Workflow Add-In,Obmedzenie pr√°v v EA na z√°klade kontextu a roly,koncept,ModelValidation,EA Add-In,,Roman Kazicka,,,10.04.2024,üîí,Doplnok k EA Add-In ‚Äì konkr√©tne obmedzenia pr√°v (ReadOnly),,3,Configuration Management,Tool-based,,,,,,,
,,,,,,,,,,,,,untitled,,,,,,K000014,Mana≈æ√©r kni≈æn√≠c pre LO Basic,Naƒç√≠tanie a spr√°va kni≈æn√≠c v LO Basic,n√°vrh,LO Development,LibreOffice / Kni≈ænice,,Roman Kazicka,,,10.04.2024,üìö,N√°stroj pre spr√°vu LO kni≈æn√≠c ‚Äì samostatne definovan√Ω,,2,General Knowledge Work,Adaptive,,,,,,,
,,,,,,,,,,,,,untitled,,,,,,K000015,LibreOffice Basic ‚Üí Python migr√°cia,Konverzia VB makier do Python skriptov,akt√≠vne,LO V√Ωvoj,Migr√°cia / V√Ωvoj,,Roman Kazicka,,,13.04.2024,üîÅ,Migr√°cia z VB do Python ‚Äì vzniklo poƒças T003 a T014,,3,Software Development,Scriptable,,,,,,,
,,,,,,,,,,,,,untitled,,,,,,K000016,Helper skript pre LO symbolic link,Obnova symbolic linku pre user/scripts/,v testovan√≠,LO Development,Skriptovanie / LO,,Roman Kazicka,,,13.04.2024,üß™,Podpora pre v√Ωvojov√© prostredie LO ‚Äì vzniklo poƒças T015,,2,General Knowledge Work,Adaptive,,,,,,,
,,,,,,,,,,,,,untitled,,,,,,K000017,AI-powered TERNO Planner,N√°stroj na spr√°vu a sledovanie TERNA z√°znamov,closed,Frameworks,Pl√°novanie / AI,,Roman Kazicka,,,16.04.2025,üìÖ,Zaznamenan√© poƒças n√°vrhu pl√°novania TERNA ‚Äì prehƒæadov√Ω modul,,2,General Knowledge Work,Adaptive,,,,,,,
,,,,,,,,,,,,,untitled,,,,,,K000018,"BaZi v√Ωpoƒçty ‚Äì algoritmus, hodiny, kalend√°r","V√Ωpoƒçtov√Ω r√°mec BaZi v Pythone alebo Exceli, denn√© a hodinov√© anal√Ωzy, poradca",zaraden√©,Development,Algoritmika / Osobn√Ω rozvoj,,Roman Kazicka,,,18.04.2025,üß†,Roz≈°√≠renie T005 ‚Äì potreba v√Ωpoƒçtu BaZi a hodinovej anal√Ωzy,,2,Knowledge Engineering,Exploratory,,,,,,,
,,,,,,,,,,,,,untitled,,,,,,K000019,LibreOffice ako komunitn√° platforma,"Podpora LO ako otvoren√©ho, komunitn√©ho ≈°tandardu pre udr≈æateƒæn√© rie≈°enia",koncept,LO Platforma pre komunitu,Strategick√© / Komunitn√©,,Roman Kazicka,,,10.04.2025,üåç,Podpora LO ako komunitn√©ho n√°stroja v r√°mci T003,,3,Software Development,Scriptable,,,,,,,
,,,,,,,,,,,,,untitled,,,,,,K000020,Princ√≠p udr≈æateƒænosti v architekt√∫re,Architektonick√© a dizajnov√© rozhodnutia s ohƒæadom na stabilitu a dlhodobos≈•,koncept,Methodology,Metodika / SDLC,,Roman Kazicka,,,20.03.2025,üå±,Princ√≠p objaven√Ω poƒças reflexie SDLC v T004 a T008,,2,General Knowledge Work,Adaptive,,,,,,,
,,,,,,,,,,,,,untitled,,,,,,K000021,TERNO ‚Äì terapeutick√© formy uƒçenia,"Satira, em√≥cie a storytelling ako forma v√Ωuky a reflektovania reality",pl√°novan√©,EducationViaJoy,Edukaƒçn√© / Kult√∫rne/Edukaƒçn√Ω proces,,Roman Kazicka,,,20.03.2025,üé≠,Diskusia o forme uƒçenia poƒças pl√°novania T004,,2,Learning Design,Teaching-oriented,,,,,,,
,,,,,,,,,,,,,untitled,,,,,,K000022,AI interakcie ‚Äì ƒçasov√° os a em√≥cie,"Zaznamen√°vanie mal√Ωch interakci√≠, small-talkov a sp√§tn√Ωch v√§zieb pre orient√°ciu v ƒçase",v n√°vrhu,Smalltalks,AI / UX / Sebapoznanie,,Roman Kazicka,,,13.04.2025,üß≠,Reflexia poƒças n√°vrhu AI klienta ‚Äì T018,,2,General Knowledge Work,Adaptive,,,,,,,
,,,,,,,,,,,,,untitled,,,,,,K000023,OneNote ako zdroj metad√°t pre AI,Prep√°janie osobn√©ho pozn√°mkov√©ho syst√©mu s AI klientom a projektmi,v n√°vrhu,PersonalKMsystem,Integr√°cia / Pozn√°mky,,Roman Kazicka,,,13.04.2025,üóÉÔ∏è,V√§zba medzi OneNote a projektov√Ωm mana≈æmentom ‚Äì T017,,2,General Knowledge Work,Adaptive,,,,,,,
,,,,,,,,,,,,,untitled,,,,,,K000024,Kategoriz√°cia TERNO podƒæa SDLC a 7D,Zaradenie ka≈æd√©ho TERNO podƒæa f√°zy v√Ωvoja a vedomostnej discipl√≠ny,zaraden√©,Methodology,Metodika / Evidencia,,Roman Kazicka,,,01.03.2025,üìä,Systematiz√°cia potreby klasifikova≈• TERNA ‚Äì vzniklo pri tvorbe SSOT,,2,General Knowledge Work,Adaptive,,,,,,,
,,,,,,,,,,,,,untitled,,,,,,K000025,"KNIFE Framework pre v√Ωvoj a uƒçenie sa (LibreOffice, Python)","Jednotn√Ω r√°mec pre budovanie, testovanie a uƒçenie sa v mal√Ωch krokoch pomocou LibreOffice + Python. Ka≈æd√Ω krok reprezentuje samostatn√∫ jednotku (TERNO), ktor√∫ je mo≈æn√© testova≈• a sp√§tne dohƒæada≈•. Vhodn√© na v√Ωuku aj profesion√°lny v√Ωvoj.",v procese,Framework / Edukaƒçn√©,Framework / Metodika / Edukaƒçn√Ω z√°klad,,Roman Kazicka,,,20.04.2025,üî•,"Pri v√Ωvoji Personalised Calendards vznikla potreba vytvoriƒç si ‚ÄûDieƒæ≈àu‚Äú pre LO,Projekt 05-LibreOffice, prieƒçinok 01-PersonalisedCalendars/01-Basic-Calendar/4/terno-framework","LibreOffice, Python, VS Code, Testovanie, JSON, Git",3,Software Development,Scriptable,,,,,,,
,,,,,,,,,,,,,untitled,,,,,,K000026,Git For Dummies ‚Äì Central Concepts,"Jednoduch√© vysvetlenie Git z√°kladov pre zaƒçiatoƒçn√≠kov v GitEA (organiz√°cia, repozit√°r, working directory, atƒè.)",v pr√≠prave,Versioning / Git,Edukaƒçn√© / Praktick√©,,Roman Kazicka,,,28.04.2025,üéØ,Vzniklo ako z√°kladn√Ω materi√°l pre ≈°kolenie GitEA procesov a t√≠mov√∫ pr√°cu,"Git, GitEA",2,Software Configuration,Learning-based,,,,,,,
,,,,,,,,,,,,,untitled,,,,,,K000027,"Context Aware System Ontology, Approach","Ka≈æd√© rie≈°enie je o kontexte. Neexistuje jeden n√°stroj na v≈°tky probl√©my. Toto zasahuje do filozofie. 
V≈°etko je riaden√© spoloƒçn√Ωmi princ√≠pmy, d√° sa uƒçi≈• od star≈°√≠ch discipl√≠n a u≈°etri≈• ƒças. TRIZ, ",v pr√≠prave,CASO-CASA,Metodika/Framework,,Roman Kazicka,,,11.05.2025,,"9.5. som sa op√Ωtal na Orchideu, koƒæko m√° vlastne lupienkov‚Ä¶. 
Vznikol z toho koncept CASO, CASA, a ƒèal≈°ie dial√≥gy. O TRIZ ‚Ä¶ Epistemiologii ‚Ä¶SFIA,",,"6,7","Enterprise and Business Architecture (STPL, ARCH) Information Strategy (ITSP) Innovation (INOV) Change Implementation (CIPM) Methods and Tools (METL) Organizational Capability Development (OCDV) ",Expert,#28-CASA,,,,,,
,,,,,,,,,,,,,untitled,,,,,,K000028,Prostredie v√Ωvojov√© python pre LO,"Profi prostredie pre pyhton dev v LO, OOODEV",rie≈°en√©,Platformy=OOODEV 4 LO,V√Ωvoj ‚Äì Integr√°cia,,Roman Kazicka,,,16.05.2025,üî•,"Po nekonecnych konfiguraciach som poziadal GPT nech najde profi riesenie. Doporucil OOPDEV, tak to idem overit","LO, OOODEV","6,7",Software Development,Solution Architect,,,,,,,
,,,,,,,,,,,,,untitled,,,,,,K000029,Pr√≠beh poznania SDLC,"Pripravujem vzdel√°vacie kurzy, marketing cez LI, PT, YT, keby som priebezne zverejnoval svoju cestu, mal by som co pisa≈• a bolo by to v kontexte KM, SDLC",V rie≈°en√≠,GitHUB pages ‚Äì Edu,Vzdel√°vanie-Marketing,,Roman Kazicka,,,17.05.2025,üî•,"Priprava FIIT, odchad z 365, potreba za zviditelnit a pripadne aj zarobit, dotiahnut projekty, produkty","GitHUB, EA, Python","Level 3 ‚Äì Apply ‚Üí samostatn√° pr√°ca
Level 5 ‚Äì Ensure, Advise ‚Üí zodpovednos≈• za kvalitu, konzultant
Llevel 6 ‚Äì Initiate, Influence ‚Üí strategick√° iniciat√≠va","KM (Knowledge Management), EDS (Education), ITMG (Information Technology Management)",Self learning, ,,,,,,
,,,,,,,,,,,,,untitled,,,,,,K000030,‚ÄûDocument-as-Code‚Äú framework,"Tvorba dokumentov ako SDLC proces. Diplomovky, sprievodn√° dokument√°cia pre z√°kazn√≠klov, ‚Ä¶.",V rie≈°en√≠,SDLC framework,Praktick√© pou≈æ√≠vanie na v√Ωuku SDLC,,Roman Kazicka,,,18.05.2025,üî•,"Pri vytvaran√≠ frameworku pre publikovanie na LI, PT, YT sme dosli k tomuto rie≈°eniu na GITHUB ako Pages‚Ä¶.","GITHyb, Pages, ","Level 4 ‚Äì Enable (alebo L5 ‚Äì Ensure, ak sa zav√°dza vo firme)","NOV, METL, DTAN, DESN, DOCU",3 ‚Äì Defined (mo≈æno dor√°s≈• na 4 ‚Äì Managed),"üìò SFIA vysvetlenie:
SFIA prvok
V√Ωznam v kontexte Document-as-Code
Level 4
Umo≈æ≈àuje ≈°tandardizovan√© pou≈æitie vo v√Ωuke alebo t√Ωme
INOV
Inov√°cie pracovn√Ωch postupov
METL
Metodiky v√Ωvoja a dokument√°cie
DTAN
Digit√°lna anal√Ωza procesov a v√Ωstupov
DESN
Tvorba ≈°trukt√∫r obsahu (dizajn dokument√°cie)
DOCU
Spr√°va ≈æivotn√©ho cyklu dokumentov a ich prepojen√≠
",,,,,,
,,,,,,,,,,,,,untitled,,,,,,K000031,‚ÄûEnterprise Document-integrated SDLC‚Äú,"Zavedenie Git-based dokumentaƒçn√©ho frameworku pre prepojenie po≈æiadaviek, rozhodnut√≠ a architekt√∫r naprieƒç SDLC vo firemnom prostred√≠ s mno≈æstvom stakeholderov, JIRA taskov, extern√Ωch dod√°vateƒæov a zlo≈æit√Ωm change mana≈æmentom.",V n√°vrhu (alebo V rie≈°en√≠ ‚Äì podƒæa teba),SDLC framework / Release management,"Firemn√© pou≈æitie, governance, traceability",,Roman Kazicka,,,18.05.2025,üî•üî•,"Zistenie, ≈æe dokumenty, ktor√© ovplyv≈àuj√∫ produkt a organiz√°ciu, musia by≈• verzovan√© a auditovateƒæn√© ako k√≥d. Git a Pages umo≈æ≈àuj√∫ prepojenie decision trailu s produktov√Ωmi releasmi.","GitHub, Gitea, Pages, MkDocs, Mermaid, Git Actions",Level 5 ‚Äì Ensure / Advise,"GOVN, METL, RELM, DESN, DOCU, SUBD, INOV",2‚Äì3 (Repeatable ‚Üí Defined),,,,,,,
,,,,,,,,,,,,,untitled,,,,,,K000032,Smalltalk ako n√°stroj flowu a kontextu,"Zber a reflexia neform√°lnych v√Ωrokov (smalltalkov) ako podpora t√≠movej pohody, flow a bezpeƒçn√©ho kontextu.
Zber a ≈°trukt√∫rovan√° reflexia neform√°lnych v√Ωrokov (‚Äûsmalltalkov‚Äú) v r√°mci dial√≥gu s AI. Smalltalky funguj√∫ ako mikrosp√∫≈°≈•aƒçe pohody, humoru alebo hlb≈°√≠ch vhƒæadov a podporuj√∫ kontextov√∫ s√∫dr≈ænos≈•, flow atmosf√©ru a psychologick√∫ bezpeƒçnos≈•",N√°vrh (draft),Psychol√≥gia pr√°ce / Kontext / Kult√∫ra t√≠mu,Metodika,"smalltalk, flow, psychol√≥gia pr√°ce, humor, kult√∫ra t√≠mu",Roman Kazicka,,,20.05.2025,Stredn√° a≈æ vysok√°,"Vzniklo poƒças spolupr√°ce Roman K. + GPT ako reakcia na potrebu zachyti≈• ƒæudsk√Ω rozmer technick√Ωch rozhovorov.
Vzniklo v r√°mci konverz√°ci√≠ s AI (Roman K.), ako reakcia na potrebu udr≈æa≈• ‚Äûƒæudskos≈•‚Äú a kontinuitu medzi technick√Ωmi a osobn√Ωmi t√©mami.","Markdown, GitHub, AI-dialogue, Prozaick√° kult√∫ra",3‚Äì5,"People management, Knowledge sharing, Collaboration",Emerging,"K000002, K000010, K000015, K000021","SMALLTALKs.md, ƒçl√°nok, podcast, onboarding booklet",Roman K.,,,,
,,,,,,,,,,,,,untitled,,,,,,K000033,"Pracovno, finanƒçn√Ω ekosyst√©m","Absolventi architekt√∫ry u≈æ poƒças ≈°t√∫dia s√∫ selektovan√≠  z komerƒçn√Ωch ateli√©rov. Pon√∫kaj√∫ im brik√°dy, pr√≠padne dohody o vykonan√≠ pr√°ce, za cenu nekvalifikovan√Ωch robotn√≠kov.
Po skonƒçen√≠ univerzity, sa ≈°tudenti dost√°vaj√∫ do role ≈æivnostn√≠kov, ale rozpr√°vaj√∫ sa s nimi ako zo zamestnancami.
Je potrebn√© mlad√Ωm ƒæuƒèom jednoduch√Ωm jazykom vysvetli≈• kontext Slovensk√©ho pr√°va, ak√Ωmi z√°konmi sa riadi a ako si maj√∫ vybra≈• akou formou bud√∫ spolupracova≈•.",n√°vrh,Profesia Architekt urbanista na Slovensku,Ako na to?,Pracovn√© pr√°vo ,Roman Kazicka,,,25.05.2025,Vysok√°,"S dc√©rou, ktor√° konƒç√≠ arhitekt√∫ru sa rozpr√°vame o bud√∫cnosti. Z rozhovorou c√≠tim, ≈æe mlad√≠ architekti nemaj√∫ spr√°vne inform√°cie a znalosti o pr√°vnom, ekonomickom a finanƒçnom kontexte svojho statusu voƒçi partnerom v bran≈æi.","Slovensk√© pracovno pr√°vne pr√°vo, obchodn√Ω z√°konn√≠k, da≈àov√© z√°kony.",?,?,?,?,KNIFE na Githube,Roman K.,,,,
,,,,,,,,,,,,,untitled,,,,,,K000034,"Context Aware Solutions / paradigma, solution",,inprogress,CAS-ContextAwareSolutions,,,Roman Kazicka,,,26.05.2025,Vysoka,"postupne, ako som si robil kazno ako bude cely ekosystem vyzerat, som prisiel na staru myslienku Kontext je klucovy‚Ä¶",,,,,,,,,,,
,,,,,,,,,,,,,untitled,,,,,,K000035,Ako si vyrobit automaticke nastavovanie SSL,"Pre FIIT PROLABORATE potrebujem SSL certifikaty, ako pre zakaznikov ako Dusan",finished,SSL certificates DIY,User guide,,Roman Kazicka,,,28.05.2025,done,"Pri obnovovani SSL certifkatov som zabijal kopec casu, teraz mam script",,,,,,,,,,,
,,,,,,,,,,,,,untitled,,,,,,K000036,Sementicke a kontextove vyhladavanie nad GitHUB,"Nestaci mat len data a informacie, je nevyhnutne ich spajat a dotazovat sa",Init,‚ÄûAdvanced GitHub KM Layer‚Äú,Advance features,,Roman Kazicka,,,28.05.2025,Middle,"Pocas pripravy struktury CAS , KNIFE licencii, biznis modelu som dosiel na chybajucu vlastnost=kontextove vyhladavanie nad GITOM",,a,,,,,,,,,
,,,,,,,,,,,,,untitled,,,,,,K000037,Migracia Joomla -->GitHUB MkDocs,"Zachova≈• hist√≥riu kurzu (2017‚Äì2025), udr≈æa≈• v≈°etko v jednom hlavnom repozit√°ri",Init,Publishing,Publishing,,Roman Kazicka,,,06.06.2025,Middle,"Pocas pripravy STH-SDLC 2025-2026 a pocas skumania GitHUB Sites, MkDocs som dospel k nazoru, ze by bolo suber premigrovat 
Migr√°cia uƒçebn√Ωch materi√°lov zo star√©ho CMS (Joomla) do modernej dokumentaƒçnej platformy
","JOOMLA, GIRHUB, J2XML, J2MD",,,,,,,,,,
,,,,,,,,,,,,,untitled,,,,,,K000038,GitHUB Education Framework,"Zastre≈°uj√∫ci r√°mec pre vzdel√°vacie kurzy na GitHube (GitHub Classroom, Pages, Docs gener√°tory). Definuje z√°sady, ≈°abl√≥ny, publishing flow a metriky.Skillmea, SEDUO maju vlastny framework , uvodny trailer, potom odskok do platenej verzie. To iste sa da aj na GitHUB.",init,Education Framework,Education Framework,"Educations, Frameworks",Roman Kazicka,,,10.06.2025,Middle,"Pri pr√≠prave STH2025‚Äì2026 sa uk√°zalo, ≈æe GitHub + Pages + gener√°tory poskytuj√∫ kompletn√Ω, otvoren√Ω a bezplatn√Ω edukaƒçn√Ω stack.Pocas pripravy STH2025-2026- som si uvedomil, ze GitHub, HitHUb Class, Sites, MkDOks umoznuju vytvorit cely ekosystem. A zadarmo.","GitHUB, Active Presenter",,Learning-based / Methods & Tools,,,Framework,ROKA,,,,
,,,,,,,,,,,,,untitled,,,,,,K000039,SinglePageApplication ‚Äì Webabased desktop app,"GitHUb je zaklad aj pre vyvoj aplikacii nezavislych na koncovom zariadenie SPA
Je to obrovsky priestor pre tvor bu vlastnych aplikacii ako KnowMyself",init,SPA-Framework,SPA framework,"Solution Development,
Framework",Roman Kazicka,,,17.06.2025,Low,"Pocas pripravy webinara GitDos-Demo som si uvedomil, ze samotne nastroje pre dokumentovanie vyuzivaju VSC ako Web. Komplexne GUI ale na webe.","GitHUB, VUE, ‚Ä¶",,,,,Framework,ROKA,,,,
,,,,,,,,,,,,,untitled,,,,,,K000040,Kontrola odpoved√© ≈°tudentov pomocou API na AI,Pre veƒæk√Ω poƒçet ≈°tudentov nie je mo≈æn√© kontrolova≈• odpovede na voƒæn√© ot√°zky. AI by mohlo pom√¥c≈•.,in Progress,AI based training,AI in education,,Roman Kazicka,,,21.06.2026,Middle,"Poƒças pr√≠pravy repozit√°rov pre STH2025 rie≈°im aj kontroly a komunik√°ciu so ≈°tudentami. Je toho more, ale AI s API by bolo super.",API GPT,,,,,,,,,,
,,,,,,,,,,,,,untitled,,,,,,K000041,OneDrive backup to external disk on QNAP,"This KNIFE explains how to create a full backup of your OneDrive data in cases where the local disk does not have sufficient capacity to mirror the entire cloud content. When 'Files On-Demand' is enabled, standard tools are unable to copy files ‚Äì they can at best read their metadata. However, using tools like `rclone`, it becomes possible to back up the cloud directly without needing local mirroring.",inProgress,BACKUP,How To,,Roman Kazicka,,,27.07.2025,TOP,"Microsoft offers cloud storage up to several terabytes, but over time each storage fills up. At that point, you either have to buy more space or clean up existing data.
¬†
I wanted neither. Since I had enough free capacity on an external disk connected to my QNAP NAS, I decided to create a complete copy of my OneDrive there.
¬†
I had no idea it wouldn't be a trivial task.","rclone, Mac OS, QNAP",,,,,,,,,,
,,,,,,,,,,,,,untitled,,,,,,K000042,Z√°kladn√© inform√°cie o ESG,"Environment, Social, Government is crutial topic for human being survival. It is important to understand  the background",Init,ESG- Kr√°tky √∫vod,Education Explanantion,,Roman Kazicka,,,28.07.2025,Low,"I have attended mandatory training in 365 bank. Excellent lector, important topic.","Heart, Brain",,,,,,,,,,
,,,,,,,,,,,,,untitled,,,,,,K000043,Thunderbird ‚Äì Archive-export,Omylom som poslal e-mail do archivu. Mam v  poste asi 60GB udajov. Ako to riesit?,done md,UserGuide,HowTO,,Roman Kazicka,,,04.08.2025,Low,"Pri rutinnej pr√°ci som omylom poslal e-mail do arch√≠vu. Napadlo ma, ≈æe sa nieƒço nov√© nauƒç√≠m. Mo≈æno u≈°etr√≠m diskov√∫ kapacitu a nestrat√≠m mo≈ænos≈• vyhƒæad√°va≈• v hist√≥rii",Thunderbird,Intermediate,IT Communication,Basic,Thunderbird_Import_Helper.md üîÑ,,,,,,
,,,,,,,,,,,,,untitled,,,,,,K000044,KNIFE047 ‚Äì 7S Cycle of Meaningful Knowledge,Nov√© in≈°pir√°cie ohƒæadne rie≈°enia aj z pohƒæadu marketingu,init,In≈°pir√°cie,"concepts, methodology",,Roman Kazicka,,,04.08.2025,Low,"KNIFE047_Reflexia_a_epistemologia.md, KNIFE047 ‚Äì Epistemol√≥gia 4Curiosis",,,Social Communities,,,,,,,,
,,,,,,,,,,,,,untitled,,,,,,K000045,AI ‚Äì Agent in OpenGPT,,in progress,User Guide,HowTo,,Roman Kazicka,,,04.08.2025,Low,,,,,,,,,,,,
,,,,,,,,,,,,,untitled,,,,,,K000046,"KNIFE049 ‚Äì Vyhƒæad√°vaƒç nad OpenGPT hist√≥riou
",,,UserGuide,,,Roman Kazicka,,,04.08.2025,,,,,,,KNIFE049_Vyhladavac.md,,,,,,
,,,,,,,,,,,,,untitled,,,,,,K000047,"Open GPT, vytv√°ranie prompt instructions",Vznizkli instrukcie pre zvedavych‚Ä¶,In progress,User Guide,,,Roman Kazicka,,,04.08.2025,,,,,,,,,,,,,
,,,,,,,,,,,,,untitled,,,,,,K000048,Google analytics ‚Äì Fundamentals,Bez sp≈àtnej v√§zby je v≈°etko n√°roƒçnej≈°ie. GA4 poskytuje marketingov√© sp√§tn√© v√§zby,new,Marketing,HowTo,,Roman Kazicka,,,04.08.2025,Low,,,,,,,,,,,,
,,,,,,,,,,,,,untitled,,,,,,K000049,GitHub LMS Framework ,,new,Framework / Edukaƒçn√©,Education Framework,,Roman Kazicka,,,04.08.2025,duplicity K000041,,,,,,,,,,,,
,,,,,,,,,,,,,untitled,,,,,,K000050,Framework for Project Management in GitHUB,"M√°m stra≈°ne veƒæa t√©m, veƒæa √∫loh, ako to mana≈æova≈•, aby som sa neutopil v nesplnen√Ωch √∫loh√°ch, pr√≠padne nezabudol na d√¥le≈æit√© t√©my a neobjavoval ich znova a znova?",new,Framewok for Project Management,SDLC framework,,Roman Kazicka,,,10.08.2025,low,,,,,,,,,,,,
,,,,,,,,,,,,,untitled,,,,,,K000051,Docusaurus Advanced Deployment Pipeline,"Kontrola referenci√≠ v Docusaurus/MkDocs
	‚Ä¢	DRY-run, strict a full link-check, detekcia ch√Ωb na zaƒçiatku procesu
	‚Ä¢	Prevencia ‚Äún√°≈°ƒæapn√Ωch m√≠n‚Äù pred buildom
	‚Ä¢	Mo≈ænos≈• zaradi≈• ako QA krok do CI/CD",new,Best Practice,"‚ÄûAko si nastavi≈• build a deploy tak, aby ≈•a chr√°nil pred sebou sam√Ωm.‚Äú",,Roman Kazicka,,,10.08.2025,,,,,,,,,,,,,
,,,,,,,,,,,,,untitled,,,,,,K000052,Ako obnovi≈• stav z minulosti?,"Ako si obnovi≈• pokazn√© s√∫bory? Ak m√°m v minulosti zachyten√© dobr√© √∫daje, nie je probl√©m sa k nim vr√°ti≈•.
	stash, branch sandbox, pr√°ca mimo main
	‚Ä¢	Obnova prieƒçinkov alebo s√∫borov z konkr√©tneho commitu
	‚Ä¢	Praktick√© situ√°cie, kedy to pou≈æi≈•, a ako sa vyhn√∫≈• strate d√°t",inprogress,Best Practice,Obnov mi dobr√© √∫daje,,Roman Kazicka,,,10.08.2025,now,,,,,,,,,,,,
,,,,,,,,,,,,,untitled,,,,,,K000053,Central Panel for GIT ‚Äì SDLC Git Management Makefile,"‚Ä¢	Jeden Makefile ako ‚Äûsingle point of control‚Äú
	‚Ä¢	V≈°etky Git oper√°cie, build/deploy, kontrola odkazov, sandbox, stash management
	‚Ä¢	Prepojenie s princ√≠pom 3√ó mera≈•, raz reza≈•
	‚Ä¢	Mo≈ænos≈• adaptova≈• pre r√¥zne gener√°tory HTML (Docusaurus, MkDocs, Hugo‚Ä¶)
Podƒæa m≈àa by si to mohol v KNIFE_Overview zaradi≈• aj ako tematick√∫ trojicu pod spoloƒçn√Ω tag, napr.
[KNIFE: Git-SDLC-Tools] alebo [KNIFE: Git-Advanced].
Tak sa to d√° pekne pou≈æi≈• aj v kurze ako jedna lekcia s troma kapitolami ‚Äì kontrola, obnova, centr√°lne riadenie.",done md,Best Practice,Spr√°va s√∫borov s git odporou,,Roman Kazicka,,,11.08.2025,,,,,,,,,,,,,
,,,,,,,,,,,,,untitled,,,,,,K000054,AI Agent na monitoroavanie n√°kladov OpenGPT,"Automatick√© reportovanie vstupn√Ωch a v√Ωstupn√Ωch tokenov.Presne tak ‚Äì toto m√° perfektn√Ω predpoklad sta≈• sa AI Agentom, ktor√Ω:
Vie ƒç√≠ta≈• tvoje konverz√°cie z dan√©ho projektu.
Vie ich prepoji≈• s tvojimi tagmi (napr. K000055, Docusaurus, SDLC‚Ä¶)
Vie spravi≈• sum√°r tokenov a n√°kladov za ƒæubovoƒæn√© obdobie.
Vie urobi≈• porovnanie medzi projektmi (napr. ‚ÄúGitHub LMS‚Äù vs ‚ÄúKNIFE‚Äù).
Vie urobi≈• ranking ‚Äì najdrah≈°√≠ de≈à, t√©ma, alebo dokonca konkr√©tny prompt.
Tak√Ωto agent by si vedel zapn√∫≈• aj naprieƒç v≈°etk√Ωmi projektmi a raz za mesiac ti poslal ‚Äúvy√∫ƒçtovanie‚Äù + ‚ÄúTop 5 t√©m, ktor√© p√°lili tokeny‚Äù + odhadovan√∫ hodnotu v eur√°ch.
Ak chce≈°, m√¥≈æem ti teraz:
Urobi≈• retro-v√Ωpoƒçet tokenov pre tento projekt (od zaƒçiatku).
Pripravi≈• ≈°abl√≥nu AIAgenta na token tracking, ktor√∫ by si potom vedel spusti≈• v akomkoƒævek projekte.
",new,Management-Reporting,Reporting nad komunik√°ciou s OpenGPT formou AI Agenta,,Roman Kazicka,,,11.08.2025,now,"V jednom okamihu sa komunik√°cia zastavila na strane GPT  st√Ωm, ≈æe m√° n√°roƒçn√∫ ulohu, ale ≈æe dnes to bude. Tak ma napadlo, koƒæko tak√© ‚Äûkecanie‚Äú konzumuje tokenov. Super pr√≠prava pre vlastn√© API rie≈°enia",,,,,,,,,,,
,,,,,,,,,,,,,untitled,,,,,,K000055,AI Agent na monitoroavanie n√°kladov OpenGPT od poƒçiatku komunik√°cie,"Ak√° bola intenzita komunik√°cie od zaƒçiatku, koƒæko by to st√°lo cez API, Ktor√© t√©my skonzumovali najviac energie?",new,Management-Reporting-from the Past,Reporting od zaƒçiatku komunik√°cie,,Roman Kazicka,,,11.08.2025,now,,,,,,,,,,,,
,,,,,,,,,,,,,untitled,,,,,,K000056,STEM a Makerspace ako metodika vzdel√°vania,Spoljupracujem s Makerspace od roku 2016. POJEM STEM  som priprodzene zahrnul do  svojich metod√≠k. Je vhodn√© to zviditeƒæni≈• v mojich aktivit√°ch,New,Methodology,Syst√©m pre vzdel√°vanie,,Roman Kazicka,,,24.08.2025,now,"Poƒças pr√≠pravy STHDF 2025-2025 so pri≈°iel na to, ≈æe to m√°m zaradi≈• do osnov",,,,,,,,,,,
,,,,,,,,,,,,,untitled,,,,,,K000057,Export Draw.io diagramu do A4 PNG,Ako pripravi≈• Drawio ob√°zok aby sa v≈ædy vmestil na A4 form√°t?,done md,User Guide,Ako na to?,,Roman Kazicka,,,24.08.2025,done,,,,,,,,,,,,
,,,,,,,,,,,,,untitled,,,,,,K000058,Passkey ako bezpeƒçnostn√Ω koncept,Ako funguje keypass?,new,Security concept,Explanation,,Roman Kazicka,,,24.08.2025,,,,,,,,,,,,,
,,,,,,,,,,,,,untitled,,,,,,K000059,Docusaurus slugy a routing,Ako funguj√∫ SLUGS v Docusaurus,new,Docusaurus Concept,Explanation,,Roman Kazicka,,,24.08.2025,,,,,,,,,,,,,
,,,,,,,,,,,,,untitled,,,,,,K000060,Automatick√© generovanie KNIFES,Ako pou≈æ√≠va≈• automatiz√°ciu pri generovan√≠ KNIFES,new,User Guide,User guide,,Roman Kazicka,,,24.08.2025,,,,,,,,,,,,,
,,,,,,,,,,,,,untitled,,,,,,K000061,"GA4, GTN, UTM","Ako funguje AG4, TGM a UTM?",new,Marketing,"User Guides, principles",,Roman Kazicka,,,27.08.2025,done,"Marketig patr√≠ medzi z√°kladn√© aktivity ka≈æd√©ho autora. Technici t√∫to discipl√≠nu podce≈àuj√∫. Podƒæa metodikyu Q12 je to potrebn√© zabezpeƒçe≈•, aby sme mali sp√§tn√∫ v√§zbu na na≈°e aktivty z trhu.",,,,,,,,,,,
,,,,,,,,,,,,,untitled,,,,,,K000062,"MAKEFILE for KNIFE Ecosystem for Mac,Windows, Linux","Administr√°cia ecosyst√©mu KNIFE je pomerne komplexn√° √∫loha. Framework podporuje MacOS, Windows a Linux. MAKEFIEL umo≈æ≈àuje administr√°ciu z jedn√©ho miesta.",New,Administration,GitHub Administration,,Roman Kazicka,,,31.08.2025,now,"Pri pr√≠prave treidy sa nabaƒæuj√∫ nov√© a nov√© pod√∫lohy, ktor√© musi by≈• splnen√© pred vyugenerovan√≠m samotnej triedy zo ≈°abl√©ny pre triedu. T√°to ≈°abl=ona by mala obsahova≈• v≈°etky tieto vylep≈°enia",,,,,,,,,,,
,,,,,,,,,,,,,untitled,,,,,,K000063,Porovnanie biznis pl√°nov GitHub,Ak√° s√∫ ≈°tartovacie n√°klady na profesion√°lny ekosyst√©m v r√°mci GitHub?,New,SubscriptionPlans,Biznis pl√°ny GitHub-Prehƒæad,,Roman Kazicka,,,01.09.2025,now,Poƒças pr√≠pravy na semster a z√≠skan√≠ Edu Benefit ma zauj√≠mali ceny za komenƒçn√© pou≈æitoe,,,,,,,,,,,
,,,,,,,,,,,,,untitled,,,,,,K000064,GitHub Deployment strat√©gie,"Deployment obsahu v GitHube sa d√° vykona≈• viacer√Ωmi sp√¥sobmi.
Obsah v MD s√∫boroch sa d√° konzumova≈• cez GitHub, cez Web Pages a Web Pages namapova≈• na vlastn√∫ dom√©nu. Tu je to pop√≠san√© ako sa to rob√≠",new,User Guide,Koncepty,,Roman Kazicka,,,02.09.2025,now,,,,,,,,,,,,
,,,,,,,,,,,,,untitled,,,,,,K000065,Kruhov√Ω portr√©t v GIMP,Pri publikovan√≠ na Web potrebujem kruhov√Ω form√°t obr√°zkov. Najjednoduch≈°ie je pou≈æi≈• GIMP. Pr√°ca na 5 min√∫t,new,User Guide,N√°vod,,Roman Kazicka,,,05.09.2025,now,,,,,,,,,,,,
,,,,,,,,,,,,,untitled,,,,,,K000066,"Kto ma pochv√°li, ak sa nepochv√°lim s√°m?","Pre mnoh√Ωch je ≈•a≈æko p√≠sa≈• o sebe. ƒΩahko sa skƒ∫zne buƒè ku prece≈àovaniu, alebo naopak ku podce≈àovaniu.
Je to ako s marketingom. Len predmetom propag√°cie sme my sami.
Ak osa prezenetova≈•, pravdivo, transparentne?",new,Mentoring,In≈°pir√°cie na hodnotov√Ω marketing seba sam√©ho,,Roman Kazicka,,,05.09.2025,now,"Pri ka≈ædej aktualiz√°cii CV, pri ka≈ædej aktualiz√°ci√≠ profilov m√°m ot√°zky, ƒço a ko o sebe prezentova≈•. Viem, ≈æe nie som s√°m, a hƒæadanie odpoved√≠ na moje ot√°zky, m√¥≈æe pom√¥c≈• aj ƒèal≈°√≠m.",,,,, 7S Cycle of Meaningful Knowledge,,,,,,
,,,,,,,,,,,,,untitled,,,,,,K000067,EA Fundamentals,"Enterprise architect (Sparxsystems technologies) je univerz√°lny modelovac√≠ n√°stroj.
Od roku 2000 ho pou≈æ√≠vam prakticky na dennej b√°ze a pom√°hal mi v ka≈ædej roly, do ktorej som bol anga≈æovan√Ω. Technick√© roly, ale aj v Top managemente, ITSM, TOGAF, od konceptov, top level architekt√∫ry, solutiopn architekt√∫ry, anal√Ωzy, dizajnu, testovanie, v prev√°dzke.
EA je veƒæmi komplexn√Ω, m√° bohat√∫ dokument√°ciu, napriek tomu je uƒçiaca krivka n√°roƒçn√°.
Webin√°r pon√∫ka prehƒæadnou formou √∫k√°≈æky v podobe praktick√Ωch pr√≠kladov vlastnosti ause casy v ktor√Ω je mo≈æn√© EA pou≈æ√≠va≈•.",new,Knowledge sharing,"Training on the praxis-praktick√Ω webin√°r ako zaƒça≈• pracova≈• s technol√≥giou Enterprise Architect.
Cca 6 hodinov√Ω webin√°r o z√°kladn√Ωch nastaveniach EA 16+",,Roman Kazicka,,,05.09.2025,Sparxsystems,"Dokument√°cia v IT ‚Äì strategick√° hodnota, alebop strata ƒçasu https://leanpub.com/7D",,,,,,,,,,,
,,,,,,,,,,,,,untitled,,,,,,K000068,7Ds-Seven Disciplines for successful solutions,"Metodika je zameran√° na podporu aktiv√≠t v r√°mci SDLC. Ka≈æd√° potenc√°lna iform√°cia m√° svoje miesto. A je √∫plne jedno v akej technol√≥gi√≠ sa implementuje.
Ja som ju implementoval ako MDG do EA Sparxsystems,
Do GitHUB,
Rozpravcovan√© je vo One Note",ongoing,Methodology,Metodika,,Roman Kazicka,,,05.09.2025,medium,T√∫to metodiku pou≈æ√≠vam asi 15 rokov. Pred 10 rokmi som o nej vydal aj knihu,,,,,,,,,,,
,,,,,,,,,,,,,untitled,,,,,,K000069,"APV-Assets-Perspectives-Views, Keep Your Aseests in Order","Metodika na podporu mana≈æmentu akt√≠v v r√°mci SDLC. 
TAXON√ìMIA, ONTOL√ìGIA akt√≠v a ich vz≈•ahiv z pohƒæadu r√¥znych rol√≠, aby platilo 3RS- Right ‚Äì Information-For Right Role- In Right Time",ongoing,Methodology,Metodika,,Roman Kazicka,,,05.09.2025,medium,"Na tejto metodike pracujem minim√°lne od roku 2008. 8 Rokov som ju verifikoval v VW Bratislava na cca 50000 evidovan√Ωch akt√≠vach IT. Je to nov√° veƒæ√° t√©ma, bez ktorej IT nem√¥≈æe napredova≈•,",,LEVEL 6- expert,Enterprise architecture,Expert,,,,,,,
,,,,,,,,,,,,,untitled,,,,,,K000070,Q12- Twelve quadrants for starting business,"Metodika zameran√° na 12 kvadrantov, ktor√© je minim√°lne potrebn√© zohƒæadni≈• pri budovan√≠ nov√©ho biznisu. Vhodn√© najm√§ pre startupy, ale aj pre ka≈æd√©ho jednotlivca, ktor√Ω by chcel rozbehn√∫≈• vlastn√© podnikanie. ",ongoing,Methodology,Metodika,,Roman Kazicka,,,05.09.2025,medium,"T√∫to metodiku som vypracoval pred 10 rokmi. S√°m sa ≈àou nech√°vam in≈°pirova≈•, ale nie som dos≈• d√¥sledn√Ω. Pl√°nujem to zmeni≈•. A aj keƒè nevypl≈àam jednotliv√© kapitoly do nejak√©ho syst√©mu, niekde v podvedm√≠ sa riadim z√°kladn√Ωmi princ√≠pmi.",,Level 5 ‚Äì Ensure / Advise,Biznis development,Beginner,,,,,,,
,,,,,,,,,,,,,untitled,,,,,,K000071,SDLC-Solution Development Life Cycle,"T√°to metodika vych√°dza z univerz√°lneho V ‚Äì modelu. Podporuje princ√≠ly vuizu√°lneho mana≈æmentu v r√°mci cel√©ho ≈•ivotn√©ho cyklu rie≈°en√≠. To z√°h≈ï≈àa desiatky rol√≠ a stovky rol√≠ v r√°tane z√°kazn√≠ka, dod√°vateƒæa, subdod√°vateƒæov, a podnikateƒæsk√©ho prostredia, regul√°torov, z√°konov, politickej situ√°cie",ongoing,Methodology,Metodika,,Roman Kazicka,,,05.09.2025,medium,"Od zaƒçiatku svojej profesion√°lnej kari√©ry vych√°dzam z V modelu a jeho princ√≠pov. Nie v≈ædy dodr≈æujem princ√≠py, z r√¥znych d√¥vodov, ale pom√°ha mi to pochopi≈• kontext cel√©ho rie≈°enia",,Level 3 ‚Äì Apply ‚Üí samostatn√° pr√°ca,Solution Development,Beginner,,,,,,,
,,,,,,,,,,,,,untitled,,,,,,K000072,Lean canvas,Implemet√°cia Lean canvas do celkov√©ho frameworku pre podporu vytv√°rania rie≈°en√≠. Patr√≠ ku metodike Q12,done md,Methodology,Metodika,,Roman Kazicka,,,05.08.2025,medium,"Ka≈æd√© rie≈°enie si zasl√∫≈æi anal√Ωzu z pohƒæadu jednoduch√©ho biznis pl√°nu. Pokiaƒæ nem√°m aspo≈à koncept bisnis pl√°nu, ak√© je ≈°anca na √∫se≈°n√∫ realiz√°ciu projektu?",,Level 3 ‚Äì Apply ‚Üí samostatn√° pr√°ca ,Bisnis development,Beginner,,,,,,,
,,,,,,,,,,,,,untitled,,,,,,K000073,"CAA- Context Aware Approach, CASY-Context Aware Systems, CASo-Context Aware Solution","Neexistuje situ√°cia, kedy m√¥≈æeme ignorova≈• kontext. Neznalos≈• tohto princ√≠pu vedie k obrovsk√Ωm nepochopeniam, chyb√°m, manipul√°ciam, sporom. √öplne zbytoƒçne. Ak sa na zaƒçiatku ujasn√≠ kontext, tak okam≈æite sa dostavuje porozumenie a nast√°va kon≈°trukt√≠vny pr√≠stup.
Tam kde sa precuje s manip√°ciami, je takmer ist√©, ≈æe ss vedome , ale aj neveome menia kontexty. Hovor√≠ sa ‚ÄûJa o koze a ty o voze‚Äú , ale ka≈æd√Ω si mysl√≠, ≈æe m√° pravdu, ≈æe ten druh√Ω je blbec. A to nehovor√≠m o politickej manipul√°cii z√°mern√©ho pods√∫vania in√Ωch kontextov bez objasnenia kontextov. ",ongoing,Methodology,Metodika na Solution development,,Roman Kazicka,,,05.09.2025,medium,"Na ka≈ædom kroku  sa stret√°vam s nepochopen√≠m tohto  z√°kladn√©ho princ√≠pu. Ujasnime si na≈°e kontexty a potom sa rozpr√°vajme.
Ak to takto pomenujeme, okam≈æite odhal√≠me vedom√© manipul√°cie, pr√≠padne zn√≠≈æime nevedom√© nedorozumenia.
 Napr√≠klad diskusia ‚Äûƒåo je lep≈°ie Apple alebo windows‚Äú,
BMW alebo DACIA?
Bentley alebo MAIBACH?
Ak si ujasn√≠me kontext, ak√© krit√©ria, v akej situ√°ci je ktor√© rie≈°enie lep≈°ie, prest√°va by≈• priestor na spor, a vytv√°ra sa kon≈°truk√≠vna atmosf=√©ra na rie≈°enia k√©hokoƒævek probl√©mu, v malom, aj vo veƒækom.
",,LEVEL 6- expert,"Relationship development
Trust development",High awareness,,,,,,,
,,,,,,,,,,,,,untitled,,,,,,K000074,KNIFE047 ‚Äì 7S Cycle of Meaningful Knowledge,"Modern√© technol√≥gie umo≈æ≈àuj√∫ vyu≈æ√≠va≈• a zneu≈æ√≠va≈• r√¥zne techniky marketingu. ƒåo si zvol√≠me PUSH, alebo PULL pr√≠stup. T√°to metodika je zameran√° na PULL marketing. 
Re≈°pekt slobodn=ho rozhodovania bez ak√©hokoƒævek n√°tlaku (napr. ƒçasovo limitovan√© zƒæavy)
Marketing budovan√Ω na z√°klade d√¥very a spoloƒçn√Ωch hodn√¥t",ongoing,Methodology,Metodika na hodnotv√Ω markerting ‚Äì PULL marketing,,Roman Kazicka,,,05.09.2025,medium,"Nem√°m r√°d n√°tlakov√Ω marketing. Sna≈æ√≠m sa budova≈• osobn√∫ znaƒçku, dobr√∫ reput√°ciu, d√¥veru bez n√°tlaku, na z√°kladu kvaluty a re≈°pektu.",,LEVEL 2,"Relationship development
Trust development",High awareness,,,,,,,
,,,,,,,,,,,,,untitled,,,,,,K000075,Language as a Bridge (AI ako most medzi jazykmi),"Language as a Bridge ‚Üí implement√°cia, n√°stroje, procesy (ako).",ongoing,Implement√°cia,"Implement√°cia, n√°stroje, Procesy",,Roman Kazicka,,,05.09.2025,medium,"Typ: Praktick√Ω n√°vod / Metodika
	‚Ä¢	Status: Draft
	‚Ä¢	Obsah:
	1.	Struƒçn√Ω recap LaaS (odkaz na K000055).
	2.	Ako AI umo≈æ≈àuje mosty medzi jazykmi.
	3.	GitHub CI/CD pr√≠klady (preklady Markdown s√∫borov).
	4.	LinkedIn posty ‚Äì autenticita v materinskom jazyku vs. preklad pre glob√°lne publikum.
	5.	Dopady pre ≈°tudentov (p√≠sa≈• autenticky, AI sa postar√° o zvy≈°ok).
	‚Ä¢	Motto:
‚ÄûJazyk nemus√≠ by≈• bari√©rou. AI stavia mosty, aby sme mohli ka≈æd√Ω r√°s≈• na vlastnej p√¥de.‚Äú",,LEVEL 6- expert,Solution Development,Expert,"055 ‚Äì KNIFE_LaaS ‚Üí fundament, hodnoty, filozofia (preƒço a ƒço).",,,,,,
,,,,,,,,,,,,,untitled,,,,,,K000076,ƒåo znamen√° slovo ≈æe je nieƒço idempotentn√©?,Dos≈• ƒçasto sa zaƒçalo pou≈æ√≠va≈• slovo idempotentn√° oper√°cia. Ako to ale vzniklo? Preƒço to vzniklo?,now,Glossary,Vysvetlenie pojmu,,Roman Kaziƒçka,,,15.09.2029,medium,"Pri pr√≠prave ≈°trukt√∫ry adres√°rov pre repozit√°r roƒçn√≠ka publik sme pri≈°li ku skriptu, ktor√Ω nazval AI idempotentn√Ω skript. Po≈æiadal som o vysvetlenie aj s hist√≥riou slova",,,,,,,,,,,
,,,,,,,,,,,,,untitled,,,,,,K000077,Docusaurus-vs-github-pages-package-json,Ako vytvori≈• OS agnostck√© prostredie pre KNIFE? Poznanie architekt√∫ry odpovie na ot√°zku jednotn√©ho syst√©mu pre v√Ωvoj KNIFES,now,Explanation,Docusaurus vs. GitHub Pages. Architekt√∫ra,,Roman Kaziƒçka,,,17.09.2025,medium,"Poƒças pr√≠pravyi ekosyst√©mu pre windows, vznikla potreba ak√° je architekt√∫ra GitHub a Docusaurus a ako to urobi≈• univerz√°lne","GitHub, React, Docusaurus",,,,,,,,,,
,,,,,,,,,,,,,untitled,,,,,,K000078,Transparentn√° -Stabiln√° infra≈°trukt√∫ra pre Sites,"Poƒças pr√°ce s GitHub a Pages je potrebn√© ma≈• zladen√© prostredie na klientovi a na serveri. Lok√°l je z√°visl√Ω od OS, od verz√≠ v√Ωvojov√Ωch n√°strojov. Ide√°lne by bolo, keby existovalo stabiln√©, opakovateƒæn√© prostredie pre vytvorenie lok√°lneho prostredia, bez ohƒæadu na operaƒçn√Ω syst√©m na klientovi ‚Äì Windows, Mac, Linux.",idea,Infrastructure,N√°vod na rie≈°enie,,Roman Kaziƒçka,,,25.09.2025,hi,"Keby som mal vlasy, boli by ako sned na hor√°ch. Keby som sa nerozhodol pre Sites, tedz Web pr√≠stup ku svojmu obsahu, u≈°etril by som mno≈æstvo ƒçasu. Ale stratil by som z√°kladn√∫ hodnotu- Jednoduch√Ω Web pr√≠stup k tomuto obsahu.","GitHUb, React, Docusaurus, Windows, Mac, Linux",LEVEL -6-Expert,Architecture,Expert,,,,,,,
,,,,,,,,,,,,,untitled,,,,,,K000079,Ako urobi≈• text v MD atrakt√≠vnej≈°√≠ (emoji),ƒå√≠tanie s porozumen√≠m je veƒæmi n√°roƒçn√° discipl√≠na. Preto je d√¥le≈æit√© pribl√≠≈æi≈• text ku pr√≠behu pomocou mal√Ωch obr√°zkov. Dobr√Ω kandif‚Äôd√°t je EMOJI,done md,UserGuide pre Markdown,N√°vod na rie≈°enia,,Roman Kaziƒçka,,,25.09.2025,low,"Pri p√≠san√≠ KNIFE ƒçlovek potrebuje p√≠sa≈• r√Ωchlo, lebo KNIFE nie je jeho prim√°rny cieƒæ. Ka≈æd√° pom√¥cka  je cenn√°, ≈°etr√≠ ƒças.",Markdown,beginer,Documentation,,,,,,,,
,,,,,,,,,,,,,untitled,,,,,,K000080,Aktualiz√°cia komponentov pre Docusaurus,"V≈°etko m√° ≈æivotn√Ω cyklus. Na≈°e dokumenty, ale aj syst√©my a n√°stroje, ktor√© pou≈æ√≠vame. Preto nikdy nem√°me stabiln√©, nemenn√© prostredie. Tak Aj docusaurus sa st√°le mn√≠ a vznikaj√∫ z√°vislosti a ƒçlovek sa m√¥≈æe zbl√°zni≈• a rie≈°i infra≈°trukt√∫ru a nie to ƒço potrebuje rie≈°i≈•.",done md,UserGuide,N√°vod na rie≈°enie,,Roman Kaziƒçka,,,25.09.2025,low,"Keƒè si u≈æ mysl√≠≈°, ≈æe si dokonƒçil svoju p√°cu a chce≈° √≠s≈• spa≈•, commitne≈° posledn√∫ zmenu, otestovan√∫ na lok√°li a pusnesh to na server, u≈æ sa te≈°√≠≈° do postele, ale preds apo oƒçku pozrie≈• na server ƒçi ti to builduje‚Ä¶. ƒåerven√° ikona ≈•a vyvedie z omylu‚Ä¶. A zaƒç√≠na≈° noƒçn√∫. Nie v posteli ale za kl√°vesnicou‚Ä¶","Development, Maintenance",L1-L8 everybody,Maintenence,,,,,,,,
,,,,,,,,,,,,,untitled,,,,,,K000081,Ako aktivova≈• na GitHube EDU benefity,"Pokiaƒæ  spƒ∫≈àa pou≈æ√≠vateƒæ krit√©ri√° GitHub, m√¥≈æe dosta≈• pre seba pre svoj profil status ƒçlena EDU organiz√°cie. M√° to viaceroo v√Ωhod ako Sites pre priv√°tne reposit√°re, ƒço by st√°lo 3‚Ç¨/mesiac. Detailnej≈°ie v inom Knife. V tomto pr√≠spevku je samotn√° aktiv√°cia t√Ωchto benefitov",in progress,UserGuide,N√°vod na rie≈°enie,,Roman Kaziƒçka,,,26.09.2025,low,,,,,,,,,,,,
,,,,,,,,,,,,,untitled,,,,,,K000082,Testovac√≠ knife,Tento riadok sl√∫≈æi na overenie funkƒçnosti gener√°tora,,Testy,,,Roman Kazicka,RKA_K000085,,27.09.2025,,len tak,,,,,,,,,,,
,,,,,,,,,,,,,untitled,,,,,,K000083,Testovac√≠ knife,Tento riadok sl√∫≈æi na overenie funkƒçnosti gener√°tora,,Testy,,,Roman Kazicka,RKA_K000085,,27.09.2025,,len tak,,,,,,,,,,,
