ID,display_id,GUID,DID,DAO,ShortTitle,Category,Type,Status,Priority,Created [YYYY-MM-DD],Author,Authors,Tags,Description,Context_Origin_WhyItWasInitiated,Technology,SFIA_Level,SFIA_Domain,SFIA_Maturity,Related_KNIFE,PotentialOutputs,Owner,Org,Project,Locale,FolderName,SidebarLabel,LinkSlug,Copyright,RightsHolderContent,RightsHolderSystem,License,Disclaimer
K000001,,728afefa-b72f-4aa6-b31e-4a388cdd7a46,,,EA modelovanie a motiv√°cia,Verzionanie-sdlc,Integr√°cia,done,üéØ,01.03.2024,Roman Kazicka,,,Syst√©m motiv√°cie pomocou l√≠zaniek a sp√§tnej v√§zby,"Jedno z prv√Ωch TERNO, vzniklo pri n√°vrhu syst√©mu motiv√°cie v r√°mci t√≠mu",,2,Business Analysis / Modelling,Diagrammatic,,,,,,,,,,,,,,
K000002,,6cf87ac0-1644-4134-8c67-8e61da2dca78,,knife,Git workflow pre EA modely,Platformy,V√Ωvoj / Integr√°cia,inprogress,üî•,04.03.2024,Roman Kazicka,,,"Multirelease strat√©gie, LemonTree, merge politiky",Zalo≈æen√© na re√°lnej potrebe rie≈°i≈• multirelease workflow pre EA,,3,Configuration Management,Tool-based,,,,,,,,,,,,,,
K000003,,dd435f3c-8a1d-4fc0-b873-12645f6aa10f,,knife,LibreOffice + Python integr√°cia,Technologie,Edukaƒçn√©,inprogress,üî•,08.03.2024,Roman Kazicka,,,Skriptovanie v LO cez Python a venv izol√°cie,Reakcia na po≈æiadavku na modern√Ω v√Ωvoj v LibreOffice ‚Äì Python/venv,,3,Software Development,Scriptable,,,,,,,,,,,,,,
K000004,,76ab8f65-0259-48ab-adbf-86cfa6a80d57,,knife,Docker pre ≈°tudentov (K12),RiverOfMyLife,Osobn√Ω rozvoj / Algoritmika,backlog,üß†,20.03.2024,Roman Kazicka,,,Zjednodu≈°en√© n√°vody a obr√°zky pre zaƒçiatoƒçn√≠kov,Vzniklo ako n√°vrh edukaƒçn√©ho materi√°lu pri tvorbe kurzov pre Docker,,2,DevOps / Infrastructure,Learning-based,,,,,,,,,,,,,,
K000005,,610c8ab7-dffb-4172-bf31-0fd95e5102dd,,knife,BaZi pre racion√°lne du≈°e,UserGuide,Spr√°va Gitea / Pr√°va,backlog,üí°,18.04.2025,Roman Kazicka,,,Sebapoznanie cez d√°tum a ƒças narodenia (BaZi),Z√°znam vznikol poƒças diskusie o TCM a racion√°lnom pr√≠stupe k BaZi,,2,Knowledge Engineering,Exploratory,,,,,,,,,,,,,,
K000006,,278b53c7-c34d-42b5-8969-3d22e63badd7,,knife,T√≠mov√° spr√°va pr√°v v Gitea,UserGUide,Spr√°va/Automatiz√°cia,backlog,üìå,08.04.2024,Roman Kazicka,,,"Rozdelenie pr√°v podƒæa t√≠mov, chr√°nen√© vetvy, PR politiky",Zaznamenan√© poƒças diskusie o Gitea pr√°vach a workflow ‚Äì T002,,3,Configuration Management,Tool-based,,,,,,,,,,,,,,
K000007,,745a9616-e53d-4a82-b14d-7e7fbf8bfef8,,knife,Helper skript na obr√°zky v Markdown,Leadership,Hodnoty / Strategick√©,akt√≠vne,‚öôÔ∏è,17.04.2024,Roman Kazicka,,,Generovanie obr√°zkov√Ωch blokov do .md vr√°tane URL,Vzniklo pri n√°vrhu Markdown workflow helpera ‚Äì s√∫visiace s T007,,2,General Knowledge Work,Adaptive,,,,,,,,,,,,,,
K000008,,fbb56d3a-aa9f-4594-bdfd-b30c12c09174,,knife,DCMM a DAO ‚Äì hodnota leadershipu,Marketing,Marketing / AI,inprogress,üß≠,04.04.2024,Roman Kazicka,,,"Sebariadenie, d√¥vera a samoƒçistiace syst√©my",Diskusia o leadership kvalite v r√°mci strategick√Ωch t√©m ‚Äì T008,,2,Business Analysis / Modelling,Diagrammatic,,,,,,,,,,,,,,
K000009,,2a2564bd-e234-42ed-acd9-e80ddb128b17,,knife,LinkedIn post engine ‚Äì AI automatiz√°cia,Products,V√Ωvoj / AI,backlog,üß™,10.04.2024,Roman Kazicka,,,Generovanie postov na LinkedIn z obsahu,"My≈°lienka z praxe na LinkedIn, s√∫vis s T009 a zdieƒæan√≠m obsahu",,2,General Knowledge Work,Adaptive,,,,,,,,,,,,,,
K000010,,833ed8e5-8144-4de4-b63a-1d6000dee2a1,,knife,OpenAI klient ‚Äì vlastn√° AI komunik√°cia,LO v√Ωvoj,≈†abl√≥ny / LO,backlog,‚ö°,13.04.2024,Roman Kazicka,,,Appka s prepojen√≠m na OpenAI API a arch√≠v komunik√°cie,"Zaƒçiatok v√Ωvoja AI n√°stroja, s√∫vis√≠ s pl√°nom T018",,2,General Knowledge Work,Adaptive,,,,,,,,,,,,,,
K000011,,f5282c5a-cda6-4028-8f5a-ce9d3637c5c8,,knife,Main.xba ≈°abl√≥na pre LO Basic,ModelValidation,QualityOFModel/EA Add-In,backlog,üß±,09.04.2024,Roman Kazicka,,,Z√°kladn√° ≈°tartovacia kni≈ænica makier v LibreOffice,T√©ma makier v LibreOffice ‚Äì samostatn√Ω ≈°tartovac√≠ modul,,2,General Knowledge Work,Adaptive,,,,,,,,,,,,,,
K000012,,5c2a2821-7814-4e7f-b479-33fd736bf633,,knife,EA Workflow Add-In ‚Äì pokroƒçil√© ≈°abl√≥ny,ModelValidation,EA Add-In,backlog,üìÇ,10.04.2024,Roman Kazicka,,,Workflow pre pokroƒçil√Ωch analytikov v EA,Roz≈°√≠renie pre EA Add-In v r√°mci T012,,3,Configuration Management,Tool-based,,,,,,,,,,,,,,
K000013,,fea26033-7add-4816-bfc1-a7e65df4d2b4,,knife,ReadOnlyControl v EA ‚Äì Workflow Add-In,LO Development,LibreOffice / Kni≈ænice,backlog,üîí,10.04.2024,Roman Kazicka,,,Obmedzenie pr√°v v EA na z√°klade kontextu a roly,Doplnok k EA Add-In ‚Äì konkr√©tne obmedzenia pr√°v (ReadOnly),,3,Configuration Management,Tool-based,,,,,,,,,,,,,,
K000014,,56e95dd8-a633-4850-8615-063ce541fc44,,knife,Mana≈æ√©r kni≈æn√≠c pre LO Basic,LO V√Ωvoj,Migr√°cia / V√Ωvoj,backlog,üìö,10.04.2024,Roman Kazicka,,,Naƒç√≠tanie a spr√°va kni≈æn√≠c v LO Basic,N√°stroj pre spr√°vu LO kni≈æn√≠c ‚Äì samostatne definovan√Ω,,2,General Knowledge Work,Adaptive,,,,,,,,,,,,,,
K000015,,67a1b9c8-6fc2-4c20-94dd-95a08111ec73,,knife,LibreOffice Basic ‚Üí Python migr√°cia,LO Development,Skriptovanie / LO,inprogress,üîÅ,13.04.2024,Roman Kazicka,,,Konverzia VB makier do Python skriptov,Migr√°cia z VB do Python ‚Äì vzniklo poƒças T003 a T014,,3,Software Development,Scriptable,,,,,,,,,,,,,,
K000016,,daf7cda8-38d2-4206-84f7-1cdc8a169276,,knife,Helper skript pre LO symbolic link,Frameworks,Pl√°novanie / AI,inprogress,üß™,13.04.2024,Roman Kazicka,,,Obnova symbolic linku pre user/scripts/,Podpora pre v√Ωvojov√© prostredie LO ‚Äì vzniklo poƒças T015,,2,General Knowledge Work,Adaptive,,,,,,,,,,,,,,
K000017,,41a44dfe-5b85-480a-8168-710530b572d6,,knife,AI-powered TERNO Planner,Framework,UserGuide,done,üìÖ,16.04.2025,Roman Kazicka,,,N√°stroj na spr√°vu a sledovanie TERNA z√°znamov,Zaznamenan√© poƒças n√°vrhu pl√°novania TERNA ‚Äì prehƒæadov√Ω modul,,2,General Knowledge Work,Adaptive,,,,,,,,,,,,,,
K000018,,5e74e5c2-9db8-4e44-bec5-9b3d91b36f17,,knife,,,,,,,,,,,,,,,,,,,,,,,,,,,,,
K000019,,986a2d27-e983-4c02-b17b-f54b5625c188,,knife,"BaZi v√Ωpoƒçty ‚Äì algoritmus, hodiny, kalend√°r",LO Platforma pre komunitu,Strategick√© / Komunitn√©,backlog,üß†,18.04.2025,Roman Kazicka,,,"V√Ωpoƒçtov√Ω r√°mec BaZi v Pythone alebo Exceli, denn√© a hodinov√© anal√Ωzy, poradca",Roz≈°√≠renie T005 ‚Äì potreba v√Ωpoƒçtu BaZi a hodinovej anal√Ωzy,,2,Knowledge Engineering,Exploratory,,,,,,,,,,,,,,
K000020,,9c178019-c50a-4a28-b344-afd80f289523,,knife,LibreOffice ako komunitn√° platforma,Methodology,Metodika / SDLC,backlog,üåç,10.04.2025,Roman Kazicka,,,"Podpora LO ako otvoren√©ho, komunitn√©ho ≈°tandardu pre udr≈æateƒæn√© rie≈°enia",Podpora LO ako komunitn√©ho n√°stroja v r√°mci T003,,3,Software Development,Scriptable,,,,,,,,,,,,,,
K000021,,48dbd9ae-966a-4a5b-8eda-bd4257793384,,knife,Princ√≠p udr≈æateƒænosti v architekt√∫re,EducationViaJoy,Edukaƒçn√© / Kult√∫rne/Edukaƒçn√Ω proces,koncept,üå±,20.03.2025,Roman Kazicka,,,Architektonick√© a dizajnov√© rozhodnutia s ohƒæadom na stabilitu a dlhodobos≈•,Princ√≠p objaven√Ω poƒças reflexie SDLC v T004 a T008,,2,General Knowledge Work,Adaptive,,,,,,,,,,,,,,
K000022,,27ffa9b9-04b5-4a79-921c-38123de82f2d,,knife,TERNO ‚Äì terapeutick√© formy uƒçenia,Smalltalks,AI / UX / Sebapoznanie,backlog,üé≠,20.03.2025,Roman Kazicka,,,"Satira, em√≥cie a storytelling ako forma v√Ωuky a reflektovania reality",Diskusia o forme uƒçenia poƒças pl√°novania T004,,2,Learning Design,Teaching-oriented,,,,,,,,,,,,,,
K000023,,a9ea072a-2fc0-425a-ac4d-9140d92ab221,,knife,AI interakcie ‚Äì ƒçasov√° os a em√≥cie,PersonalKMsystem,Integr√°cia / Pozn√°mky,backlog,üß≠,13.04.2025,Roman Kazicka,,,"Zaznamen√°vanie mal√Ωch interakci√≠, small-talkov a sp√§tn√Ωch v√§zieb pre orient√°ciu v ƒçase",Reflexia poƒças n√°vrhu AI klienta ‚Äì T018,,2,General Knowledge Work,Adaptive,,,,,,,,,,,,,,
K000024,,18f0681d-54db-4a41-a7fd-b77386a7299e,,knife,OneNote ako zdroj metad√°t pre AI,Methodology,Metodika / Evidencia,backlog,üóÉÔ∏è,13.04.2025,Roman Kazicka,,,Prep√°janie osobn√©ho pozn√°mkov√©ho syst√©mu s AI klientom a projektmi,V√§zba medzi OneNote a projektov√Ωm mana≈æmentom ‚Äì T017,,2,General Knowledge Work,Adaptive,,,,,,,,,,,,,,
K000025,,0e591458-c661-4f18-8e85-9c1c14efaedc,,knife,Kategoriz√°cia TERNO podƒæa SDLC a 7D,Framework / Edukaƒçn√©,Framework / Metodika / Edukaƒçn√Ω z√°klad,inprogress,üìä,01.03.2025,Roman Kazicka,,,Zaradenie ka≈æd√©ho TERNO podƒæa f√°zy v√Ωvoja a vedomostnej discipl√≠ny,Systematiz√°cia potreby klasifikova≈• TERNA ‚Äì vzniklo pri tvorbe SSOT,,2,General Knowledge Work,Adaptive,,,,,,,,,,,,,,
K000026,,eb38351b-5165-46ea-9dee-a9515a69195d,,knife,"KNIFE Framework pre v√Ωvoj a uƒçenie sa (LibreOffice, Python)",Versioning / Git,Edukaƒçn√© / Praktick√©,Inprogress,üî•,20.04.2025,Roman Kazicka,,,"Jednotn√Ω r√°mec pre budovanie, testovanie a uƒçenie sa v mal√Ωch krokoch pomocou LibreOffice + Python. Ka≈æd√Ω krok reprezentuje samostatn√∫ jednotku (TERNO), ktor√∫ je mo≈æn√© testova≈• a sp√§tne dohƒæada≈•. Vhodn√© na v√Ωuku aj profesion√°lny v√Ωvoj.","Pri v√Ωvoji Personalised Calendards vznikla potreba vytvoriƒç si ‚ÄûDieƒæ≈àu‚Äú pre LO,Projekt 05-LibreOffice, prieƒçinok 01-PersonalisedCalendars/01-Basic-Calendar/4/terno-framework","LibreOffice, Python, VS Code, Testovanie, JSON, Git",3,Software Development,Scriptable,,,,,,,,,,,,,,
K000027,,3264251d-6fb5-41f2-b8eb-9b726c2542f2,,knife,Git For Dummies ‚Äì Central Concepts,CASO-CASA,Metodika/Framework,inprogress,üéØ,28.04.2025,Roman Kazicka,,,"Jednoduch√© vysvetlenie Git z√°kladov pre zaƒçiatoƒçn√≠kov v GitEA (organiz√°cia, repozit√°r, working directory, atƒè.)",Vzniklo ako z√°kladn√Ω materi√°l pre ≈°kolenie GitEA procesov a t√≠mov√∫ pr√°cu,"Git, GitEA",2,Software Configuration,Learning-based,,,,,,,,,,,,,,
K000028,,735d6a47-d44c-40c7-861c-8fca193b68ef,,knife,"Context Aware System Ontology, Approach",Platformy=OOODEV 4 LO,V√Ωvoj ‚Äì Integr√°cia,inprogress,,11.05.2025,Roman Kazicka,,,"Ka≈æd√© rie≈°enie je o kontexte. Neexistuje jeden n√°stroj na v≈°tky probl√©my. Toto zasahuje do filozofie. 
V≈°etko je riaden√© spoloƒçn√Ωmi princ√≠pmy, d√° sa uƒçi≈• od star≈°√≠ch discipl√≠n a u≈°etri≈• ƒças. TRIZ, ","9.5. som sa op√Ωtal na Orchideu, koƒæko m√° vlastne lupienkov‚Ä¶. 
Vznikol z toho koncept CASO, CASA, a ƒèal≈°ie dial√≥gy. O TRIZ ‚Ä¶ Epistemiologii ‚Ä¶SFIA,",,"6,7","Enterprise and Business Architecture (STPL, ARCH) Information Strategy (ITSP) Innovation (INOV) Change Implementation (CIPM) Methods and Tools (METL) Organizational Capability Development (OCDV) ",Expert,#28-CASA,,,,,,,,,,,,,
K000029,,31b04e60-ff57-4a5b-95b3-e24be0a1e338,,knife,Prostredie v√Ωvojov√© python pre LO,GitHUB pages ‚Äì Edu,Vzdel√°vanie-Marketing,inprogress,üî•,16.05.2025,Roman Kazicka,,,"Profi prostredie pre pyhton dev v LO, OOODEV","Po nekonecnych konfiguraciach som poziadal GPT nech najde profi riesenie. Doporucil OOPDEV, tak to idem overit","LO, OOODEV","6,7",Software Development,Solution Architect,,,,,,,,,,,,,,
K000030,,553c7b60-ab06-4412-96dc-84d0ea2fa323,,knife,Pr√≠beh poznania SDLC,SDLC framework,Praktick√© pou≈æ√≠vanie na v√Ωuku SDLC,inprogress,üî•,17.05.2025,Roman Kazicka,,,"Pripravujem vzdel√°vacie kurzy, marketing cez LI, PT, YT, keby som priebezne zverejnoval svoju cestu, mal by som co pisa≈• a bolo by to v kontexte KM, SDLC","Priprava FIIT, odchad z 365, potreba za zviditelnit a pripadne aj zarobit, dotiahnut projekty, produkty","GitHUB, EA, Python","Level 3 ‚Äì Apply ‚Üí samostatn√° pr√°ca
Level 5 ‚Äì Ensure, Advise ‚Üí zodpovednos≈• za kvalitu, konzultant
Llevel 6 ‚Äì Initiate, Influence ‚Üí strategick√° iniciat√≠va","KM (Knowledge Management), EDS (Education), ITMG (Information Technology Management)",Self learning, ,,,,,,,,,,,,,
K000031,,0b3729dc-ca0b-4025-879a-c6fc72a83d84,,knife,‚ÄûDocument-as-Code‚Äú framework,SDLC framework / Release management,"Firemn√© pou≈æitie, governance, traceability",inprogress,üî•,18.05.2025,Roman Kazicka,,,"Tvorba dokumentov ako SDLC proces. Diplomovky, sprievodn√° dokument√°cia pre z√°kazn√≠klov, ‚Ä¶.","Pri vytvaran√≠ frameworku pre publikovanie na LI, PT, YT sme dosli k tomuto rie≈°eniu na GITHUB ako Pages‚Ä¶.","GITHyb, Pages, ","Level 4 ‚Äì Enable (alebo L5 ‚Äì Ensure, ak sa zav√°dza vo firme)","NOV, METL, DTAN, DESN, DOCU",3 ‚Äì Defined (mo≈æno dor√°s≈• na 4 ‚Äì Managed),"üìò SFIA vysvetlenie:
SFIA prvok
V√Ωznam v kontexte Document-as-Code
Level 4
Umo≈æ≈àuje ≈°tandardizovan√© pou≈æitie vo v√Ωuke alebo t√Ωme
INOV
Inov√°cie pracovn√Ωch postupov
METL
Metodiky v√Ωvoja a dokument√°cie
DTAN
Digit√°lna anal√Ωza procesov a v√Ωstupov
DESN
Tvorba ≈°trukt√∫r obsahu (dizajn dokument√°cie)
DOCU
Spr√°va ≈æivotn√©ho cyklu dokumentov a ich prepojen√≠
",,,,,,,,,,,,,
K000032,,d7f03d39-ef27-4747-96b3-1ed94589eb90,,knife,‚ÄûEnterprise Document-integrated SDLC‚Äú,Psychol√≥gia pr√°ce / Kontext / Kult√∫ra t√≠mu,Metodika,inprogress,üî•üî•,18.05.2025,Roman Kazicka,,,"Zavedenie Git-based dokumentaƒçn√©ho frameworku pre prepojenie po≈æiadaviek, rozhodnut√≠ a architekt√∫r naprieƒç SDLC vo firemnom prostred√≠ s mno≈æstvom stakeholderov, JIRA taskov, extern√Ωch dod√°vateƒæov a zlo≈æit√Ωm change mana≈æmentom.","Zistenie, ≈æe dokumenty, ktor√© ovplyv≈àuj√∫ produkt a organiz√°ciu, musia by≈• verzovan√© a auditovateƒæn√© ako k√≥d. Git a Pages umo≈æ≈àuj√∫ prepojenie decision trailu s produktov√Ωmi releasmi.","GitHub, Gitea, Pages, MkDocs, Mermaid, Git Actions",Level 5 ‚Äì Ensure / Advise,"GOVN, METL, RELM, DESN, DOCU, SUBD, INOV",2‚Äì3 (Repeatable ‚Üí Defined),,,,,,,,,,,,,,
K000033,,4bf0fa16-972c-4cbc-a923-2d28af33f41d,,knife,Smalltalk ako n√°stroj flowu a kontextu,Profesia Architekt urbanista na Slovensku,Ako na to?,backlog,Stredn√° a≈æ vysok√°,20.05.2025,Roman Kazicka,,"smalltalk, flow, psychol√≥gia pr√°ce, humor, kult√∫ra t√≠mu","Zber a reflexia neform√°lnych v√Ωrokov (smalltalkov) ako podpora t√≠movej pohody, flow a bezpeƒçn√©ho kontextu.
Zber a ≈°trukt√∫rovan√° reflexia neform√°lnych v√Ωrokov (‚Äûsmalltalkov‚Äú) v r√°mci dial√≥gu s AI. Smalltalky funguj√∫ ako mikrosp√∫≈°≈•aƒçe pohody, humoru alebo hlb≈°√≠ch vhƒæadov a podporuj√∫ kontextov√∫ s√∫dr≈ænos≈•, flow atmosf√©ru a psychologick√∫ bezpeƒçnos≈•","Vzniklo poƒças spolupr√°ce Roman K. + GPT ako reakcia na potrebu zachyti≈• ƒæudsk√Ω rozmer technick√Ωch rozhovorov.
Vzniklo v r√°mci konverz√°ci√≠ s AI (Roman K.), ako reakcia na potrebu udr≈æa≈• ‚Äûƒæudskos≈•‚Äú a kontinuitu medzi technick√Ωmi a osobn√Ωmi t√©mami.","Markdown, GitHub, AI-dialogue, Prozaick√° kult√∫ra",3‚Äì5,"People management, Knowledge sharing, Collaboration",Emerging,"K002, K010, K015, K021","SMALLTALKs.md, ƒçl√°nok, podcast, onboarding booklet",,,,,,,,,,,,
K000034,,cd2b41b5-45c1-4464-9c35-94ad9309bbea,,knife,"Pracovno, finanƒçn√Ω ekosyst√©m",CAS-ContextAwareSolutions,Koncepty,backlog,Vysok√°,25.05.2025,Roman Kazicka,,Pracovn√© pr√°vo ,"Absolventi architekt√∫ry u≈æ poƒças ≈°t√∫dia s√∫ selektovan√≠  z komerƒçn√Ωch ateli√©rov. Pon√∫kaj√∫ im brik√°dy, pr√≠padne dohody o vykonan√≠ pr√°ce, za cenu nekvalifikovan√Ωch robotn√≠kov.
Po skonƒçen√≠ univerzity, sa ≈°tudenti dost√°vaj√∫ do role ≈æivnostn√≠kov, ale rozpr√°vaj√∫ sa s nimi ako zo zamestnancami.
Je potrebn√© mlad√Ωm ƒæuƒèom jednoduch√Ωm jazykom vysvetli≈• kontext Slovensk√©ho pr√°va, ak√Ωmi z√°konmi sa riadi a ako si maj√∫ vybra≈• akou formou bud√∫ spolupracova≈•.","S dc√©rou, ktor√° konƒç√≠ arhitekt√∫ru sa rozpr√°vame o bud√∫cnosti. Z rozhovorou c√≠tim, ≈æe mlad√≠ architekti nemaj√∫ spr√°vne inform√°cie a znalosti o pr√°vnom, ekonomickom a finanƒçnom kontexte svojho statusu voƒçi partnerom v bran≈æi.","Slovensk√© pracovno pr√°vne pr√°vo, obchodn√Ω z√°konn√≠k, da≈àov√© z√°kony.",?,?,?,?,KNIFE na Githube,,,,,,,,,,,,
K000035,,a0dd0165-5fd8-4d56-b1e5-46b014bf6dd6,,knife,"Context Aware Solutions / paradigma, solution",SSL certificates DIY,User guide,inprogress,Vysoka,26.05.2025,Roman Kazicka,,,Vytvorenie SSL certifik√°tu a jeho obnovenie,"postupne, ako som si robil kazno ako bude cely ekosystem vyzerat, som prisiel na staru myslienku Kontext je klucovy‚Ä¶",,,,,,,,,,,,,,,,,,
K000036,,5d8e7ee1-a0d2-474b-832e-c91a030ea3d0,,knife,Ako si vyrobit automaticke nastavovanie SSL,‚ÄûAdvanced GitHub KM Layer‚Äú,Advance features,done,done,28.05.2025,Roman Kazicka,,,"Pre FIIT PROLABORATE potrebujem SSL certifikaty, ako pre zakaznikov ako Dusan","Pri obnovovani SSL certifkatov som zabijal kopec casu, teraz mam script",,,,,,,,,,,,,,,,,,
K000037,,ae7ca16f-5400-4912-b3e1-60c755c6b16b,,knife,Sementicke a kontextove vyhladavanie nad GitHUB,Publishing,Publishing,backlog,Middle,28.05.2025,Roman Kazicka,,,"Nestaci mat len data a informacie, je nevyhnutne ich spajat a dotazovat sa","Pocas pripravy struktury CAS , KNIFE licencii, biznis modelu som dosiel na chybajucu vlastnost=kontextove vyhladavanie nad GITOM",,a,,,,,,,,,,,,,,,,
K000038,,14675413-a6ee-4b45-9be4-1e2012d03c95,,knife,Migracia Joomla -->GitHUB MkDocs,Education Framework,Education Framework,backlog,Middle,06.06.2025,Roman Kazicka,,,"Zachova≈• hist√≥riu kurzu (2017‚Äì2025), udr≈æa≈• v≈°etko v jednom hlavnom repozit√°ri","Pocas pripravy STH-SDLC 2025-2026 a pocas skumania GitHUB Sites, MkDocs som dospel k nazoru, ze by bolo suber premigrovat 
Migr√°cia uƒçebn√Ωch materi√°lov zo star√©ho CMS (Joomla) do modernej dokumentaƒçnej platformy
","JOOMLA, GIRHUB, J2XML, J2MD",,,,,,,,,,,,,,,,,
K000039,,d65f381f-c6dd-43af-a6e3-1742a5adb17d,,knife,GitHUB Education Framework,SPA-Framework,SPA framework,backlog,Middle,10.06.2025,Roman Kazicka,,"Educations, Frameworks","Zastre≈°uj√∫ci r√°mec pre vzdel√°vacie kurzy na GitHube (GitHub Classroom, Pages, Docs gener√°tory). Definuje z√°sady, ≈°abl√≥ny, publishing flow a metriky.Skillmea, SEDUO maju vlastny framework , uvodny trailer, potom odskok do platenej verzie. To iste sa da aj na GitHUB.","Pri pr√≠prave STH2025‚Äì2026 sa uk√°zalo, ≈æe GitHub + Pages + gener√°tory poskytuj√∫ kompletn√Ω, otvoren√Ω a bezplatn√Ω edukaƒçn√Ω stack.Pocas pripravy STH2025-2026- som si uvedomil, ze GitHub, HitHUb Class, Sites, MkDOks umoznuju vytvorit cely ekosystem. A zadarmo.","GitHUB, Active Presenter",,Learning-based / Methods & Tools,,,Framework,,,,,,,,,,,,
K000040,,c96e9214-93fc-4799-ae2d-43fa543430fd,,knife,SinglePageApplication ‚Äì Webabased desktop app,AI based training,AI in education,backlog,Low,17.06.2025,Roman Kazicka,,"Solution Development,
Framework","GitHUb je zaklad aj pre vyvoj aplikacii nezavislych na koncovom zariadenie SPA
Je to obrovsky priestor pre tvor bu vlastnych aplikacii ako KnowMyself","Pocas pripravy webinara GitDos-Demo som si uvedomil, ze samotne nastroje pre dokumentovanie vyuzivaju VSC ako Web. Komplexne GUI ale na webe.","GitHUB, VUE, ‚Ä¶",,,,,Framework,,,,,,,,,,,,
K000041,,e1f2e352-e045-4680-a750-4bba1f8f7479,,knife,Kontrola odpoved√© ≈°tudentov pomocou API na AI,BACKUP,How To,inprogress,Middle,21.06.2026,Roman Kazicka,,,Pre veƒæk√Ω poƒçet ≈°tudentov nie je mo≈æn√© kontrolova≈• odpovede na voƒæn√© ot√°zky. AI by mohlo pom√¥c≈•.,"Poƒças pr√≠pravy repozit√°rov pre STH2025 rie≈°im aj kontroly a komunik√°ciu so ≈°tudentami. Je toho more, ale AI s API by bolo super.",API GPT,,,,,,,,,,,,,,,,,
K000042,,ed25f447-b17f-4a3a-941e-bb441e170fc3,,knife,OneDrive backup to external disk on QNAP,ESG- Kr√°tky √∫vod,Education Explanantion,inProgress,TOP,27.07.2025,Roman Kazicka,,,"This KNIFE explains how to create a full backup of your OneDrive data in cases where the local disk does not have sufficient capacity to mirror the entire cloud content. When 'Files On-Demand' is enabled, standard tools are unable to copy files ‚Äì they can at best read their metadata. However, using tools like `rclone`, it becomes possible to back up the cloud directly without needing local mirroring.","Microsoft offers cloud storage up to several terabytes, but over time each storage fills up. At that point, you either have to buy more space or clean up existing data.
¬†
I wanted neither. Since I had enough free capacity on an external disk connected to my QNAP NAS, I decided to create a complete copy of my OneDrive there.
¬†
I had no idea it wouldn't be a trivial task.","rclone, Mac OS, QNAP",,,,,,,,,,,,,,,,,
K000043,,50afe040-3e25-46cc-bb56-8b594dadf3cf,,knife,Z√°kladn√© inform√°cie o ESG,UserGuide,HowTO,Init,Low,28.07.2025,Roman Kazicka,,,"Environment, Social, Government is crutial topic for human being survival. It is important to understand  the background","I have attended mandatory training in 365 bank. Excellent lector, important topic.","Heart, Brain",,,,,,,,,,,,,,,,,
K000044,,dee65721-5f92-4cf5-8a45-0dd0ace2a7e9,,knife,Thunderbird ‚Äì Archive-export,In≈°pir√°cie,"concepts, methodology",done,Low,04.08.2025,Roman Kazicka,,,Omylom som poslal e-mail do archivu. Mam v  poste asi 60GB udajov. Ako to riesit?,"Pri rutinnej pr√°ci som omylom poslal e-mail do arch√≠vu. Napadlo ma, ≈æe sa nieƒço nov√© nauƒç√≠m. Mo≈æno u≈°etr√≠m diskov√∫ kapacitu a nestrat√≠m mo≈ænos≈• vyhƒæad√°va≈• v hist√≥rii",Thunderbird,Intermediate,IT Communication,Basic,Thunderbird_Import_Helper.md üîÑ,,,,,,,,,,,,,
K000045,,550e3260-c6ee-402a-9c41-5250e9cd1af3,,knife,KNIFE047 ‚Äì 7S Cycle of Meaningful Knowledge,User Guide,HowTo,backlog,Low,04.08.2025,Roman Kazicka,,,Nov√© in≈°pir√°cie ohƒæadne rie≈°enia aj z pohƒæadu marketingu,"KNIFE047_Reflexia_a_epistemologia.md, KNIFE047 ‚Äì Epistemol√≥gia 4Curiosis",,,Social Communities,,,,,,,,,,,,,,,
K000046,,b045421e-412b-4e20-b0ad-ebe5e1fbed9f,,knife,AI ‚Äì Agent in OpenGPT,UserGuide,HowTo,inprogress,Low,04.08.2025,Roman Kazicka,,,AI Agent ‚Äì ako ho vytvori≈•,,,,,,,,,,,,,,,,,,,
K000047,,82c38956-39d1-4afa-8b78-845c78c22083,,knife,"KNIFE049 ‚Äì Vyhƒæad√°vaƒç nad OpenGPT hist√≥riou
",User Guide,HowTo,backlog,,04.08.2025,Roman Kazicka,,,Ako vyhƒæad√°va≈• v r√°mci GPT?,,,,,,KNIFE049_Vyhladavac.md,,,,,,,,,,,,,
K000048,,dfd04696-0904-4798-83bd-5e77bb371baf,,knife,"Open GPT, vytv√°ranie prompt instructions",Marketing,HowTo,inprogress,,04.08.2025,Roman Kazicka,,,Vznizkli instrukcie pre zvedavych‚Ä¶,,,,,,,,,,,,,,,,,,,
K000049,,6fa9ddd3-5de1-4c99-ab0f-db87d301f005,,knife,Google analytics ‚Äì Fundamentals,Framework / Edukaƒçn√©,Education Framework,backlog,Low,04.08.2025,Roman Kazicka,,,Bez sp√§tnej v√§zby je v≈°etko n√°roƒçnej≈°ie. GA4 poskytuje marketingov√© sp√§tn√© v√§zby,,,,,,,,,,,,,,,,,,,
K000050,,abaf199d-563c-487a-88d2-2c8d784afb84,,knife,GitHub LMS Framework ,Framewok for Project Management,SDLC framework,backlog,duplicity K041,04.08.2025,Roman Kazicka,,,Dal by sa GH pou≈æi≈• ako LMS ?,,,,,,,,,,,,,,,,,,,
K000051,,9b195cd2-e816-41b8-98be-a2a0a76538ef,,knife,Framework for Project Management in GitHUB,Best Practice,"‚ÄûAko si nastavi≈• build a deploy tak, aby ≈•a chr√°nil pred sebou sam√Ωm.‚Äú",backlog,low,10.08.2025,Roman Kazicka,,,"M√°m stra≈°ne veƒæa t√©m, veƒæa √∫loh, ako to mana≈æova≈•, aby som sa neutopil v nesplnen√Ωch √∫loh√°ch, pr√≠padne nezabudol na d√¥le≈æit√© t√©my a neobjavoval ich znova a znova?",,,,,,,,,,,,,,,,,,,
K000052,,37c1ee83-aa1c-4a67-a8f5-ed3fdae3e7aa,,knife,Docusaurus Advanced Deployment Pipeline,Best Practice,Obnov mi dobr√© √∫daje,backlog,,10.08.2025,Roman Kazicka,,,"Kontrola referenci√≠ v Docusaurus/MkDocs
	‚Ä¢	DRY-run, strict a full link-check, detekcia ch√Ωb na zaƒçiatku procesu
	‚Ä¢	Prevencia ‚Äún√°≈°ƒæapn√Ωch m√≠n‚Äù pred buildom
	‚Ä¢	Mo≈ænos≈• zaradi≈• ako QA krok do CI/CD",,,,,,,,,,,,,,,,,,,
K000053,,ecadab7c-5f34-4296-864e-7c75f3ed0997,,knife,Ako obnovi≈• stav z minulosti?,Best Practice,Spr√°va s√∫borov s git odporou,inprogress,now,10.08.2025,Roman Kazicka,,,"Ako si obnovi≈• pokazn√© s√∫bory? Ak m√°m v minulosti zachyten√© dobr√© √∫daje, nie je probl√©m sa k nim vr√°ti≈•.
	stash, branch sandbox, pr√°ca mimo main
	‚Ä¢	Obnova prieƒçinkov alebo s√∫borov z konkr√©tneho commitu
	‚Ä¢	Praktick√© situ√°cie, kedy to pou≈æi≈•, a ako sa vyhn√∫≈• strate d√°t",,,,,,,,,,,,,,,,,,,
K000054,,e6a19133-a51b-4041-a811-6ccd8611fde0,,knife,Central Panel for GIT ‚Äì SDLC Git Management Makefile,Management-Reporting,Reporting nad komunik√°ciou s OpenGPT formou AI Agenta,done,,11.08.2025,Roman Kazicka,,,"‚Ä¢	Jeden Makefile ako ‚Äûsingle point of control‚Äú
	‚Ä¢	V≈°etky Git oper√°cie, build/deploy, kontrola odkazov, sandbox, stash management
	‚Ä¢	Prepojenie s princ√≠pom 3√ó mera≈•, raz reza≈•
	‚Ä¢	Mo≈ænos≈• adaptova≈• pre r√¥zne gener√°tory HTML (Docusaurus, MkDocs, Hugo‚Ä¶)
Podƒæa m≈àa by si to mohol v KNIFE_Overview zaradi≈• aj ako tematick√∫ trojicu pod spoloƒçn√Ω tag, napr.
[KNIFE: Git-SDLC-Tools] alebo [KNIFE: Git-Advanced].
Tak sa to d√° pekne pou≈æi≈• aj v kurze ako jedna lekcia s troma kapitolami ‚Äì kontrola, obnova, centr√°lne riadenie.",,,,,,,,,,,,,,,,,,,
K000055,,547ee1b8-84a2-4c6c-97c3-205967de0847,,knife,AI Agent na monitoroavanie n√°kladov OpenGPT,Management-Reporting-from the Past,Reporting od zaƒçiatku komunik√°cie,backlog,now,11.08.2025,Roman Kazicka,,,"Automatick√© reportovanie vstupn√Ωch a v√Ωstupn√Ωch tokenov.Presne tak ‚Äì toto m√° perfektn√Ω predpoklad sta≈• sa AI Agentom, ktor√Ω:
Vie ƒç√≠ta≈• tvoje konverz√°cie z dan√©ho projektu.
Vie ich prepoji≈• s tvojimi tagmi (napr. K055, Docusaurus, SDLC‚Ä¶)
Vie spravi≈• sum√°r tokenov a n√°kladov za ƒæubovoƒæn√© obdobie.
Vie urobi≈• porovnanie medzi projektmi (napr. ‚ÄúGitHub LMS‚Äù vs ‚ÄúKNIFE‚Äù).
Vie urobi≈• ranking ‚Äì najdrah≈°√≠ de≈à, t√©ma, alebo dokonca konkr√©tny prompt.
Tak√Ωto agent by si vedel zapn√∫≈• aj naprieƒç v≈°etk√Ωmi projektmi a raz za mesiac ti poslal ‚Äúvy√∫ƒçtovanie‚Äù + ‚ÄúTop 5 t√©m, ktor√© p√°lili tokeny‚Äù + odhadovan√∫ hodnotu v eur√°ch.
Ak chce≈°, m√¥≈æem ti teraz:
Urobi≈• retro-v√Ωpoƒçet tokenov pre tento projekt (od zaƒçiatku).
Pripravi≈• ≈°abl√≥nu AIAgenta na token tracking, ktor√∫ by si potom vedel spusti≈• v akomkoƒævek projekte.
","V jednom okamihu sa komunik√°cia zastavila na strane GPT  st√Ωm, ≈æe m√° n√°roƒçn√∫ ulohu, ale ≈æe dnes to bude. Tak ma napadlo, koƒæko tak√© ‚Äûkecanie‚Äú konzumuje tokenov. Super pr√≠prava pre vlastn√© API rie≈°enia",,,,,,,,,,,,,,,,,,
K000056,,b27765d2-8514-437e-91f2-5ed1d4f76c43,,knife,AI Agent na monitoroavanie n√°kladov OpenGPT od poƒçiatku komunik√°cie,Methodology,Syst√©m pre vzdel√°vanie,backlog,now,11.08.2025,Roman Kazicka,,,"Ak√° bola intenzita komunik√°cie od zaƒçiatku, koƒæko by to st√°lo cez API, Ktor√© t√©my skonzumovali najviac energie?",,,,,,,,,,,,,,,,,,,
K000057,,1ee7fec7-5397-4920-b47d-48035c5c9125,,knife,STEM a Makerspace ako metodika vzdel√°vania,User Guide,Ako na to?,backlog,now,24.08.2025,Roman Kazicka,,,Spoljupracujem s Makerspace od roku 2016. POJEM STEM  som priprodzene zahrnul do  svojich metod√≠k. Je vhodn√© to zviditeƒæni≈• v mojich aktivit√°ch,"Poƒças pr√≠pravy STHDF 2025-2025 so pri≈°iel na to, ≈æe to m√°m zaradi≈• do osnov",,,,,,,,,,,,,,,,,,
K000058,,51d82867-eba4-49e4-a6fb-977cf669c250,,knife,Export Draw.io diagramu do A4 PNG,Security concept,Explanation,done,done,24.08.2025,Roman Kazicka,,,Ako pripravi≈• Drawio ob√°zok aby sa v≈ædy vmestil na A4 form√°t?,,,,,,,,,,,,,,,,,,,
K000059,,d7e5dc5c-968e-4af4-a7b2-d76bcff5f12e,,knife,Passkey ako bezpeƒçnostn√Ω koncept,Docusaurus Concept,Explanation,backlog,,24.08.2025,Roman Kazicka,,,Ako funguje keypass?,,,,,,,,,,,,,,,,,,,
K000060,,df47b738-87e7-4385-af12-555ac3e1666b,,knife,Docusaurus slugy a routing,User Guide,User guide,backlog,,24.08.2025,Roman Kazicka,,,Ako funguj√∫ SLUGS v Docusaurus,,,,,,,,,,,,,,,,,,,
K000061,,35066cd7-1202-4c04-9cfe-02512ca5fa7f,,knife,Automatick√© generovanie KNIFES,Marketing,"User Guides, principles",backlog,,24.08.2025,Roman Kazicka,,,Ako pou≈æ√≠va≈• automatiz√°ciu pri generovan√≠ KNIFES,,,,,,,,,,,,,,,,,,,
K000062,,7b469b9d-1eb5-48f6-a853-b17f4c775066,,knife,"GA4, GTN, UTM",Administration,GitHub Administration,new,done,27.08.2025,Roman Kazicka,,,"Ako funguje AG4, TGM a UTM?","Marketig patr√≠ medzi z√°kladn√© aktivity ka≈æd√©ho autora. Technici t√∫to discipl√≠nu podce≈àuj√∫. Podƒæa metodikyu Q12 je to potrebn√© zabezpeƒçe≈•, aby sme mali sp√§tn√∫ v√§zbu na na≈°e aktivty z trhu.",,,,,,,,,,,,,,,,,,
K000063,,32ff770d-25ab-45d7-b8f0-b7857fd53ecb,,knife,"MAKEFILE for KNIFE Ecosystem for Mac,Windows, Linux",SubscriptionPlans,Biznis pl√°ny GitHub-Prehƒæad,New,now,31.08.2025,Roman Kazicka,,,"Administr√°cia ecosyst√©mu KNIFE je pomerne komplexn√° √∫loha. Framework podporuje MacOS, Windows a Linux. MAKEFIEL umo≈æ≈àuje administr√°ciu z jedn√©ho miesta.","Pri pr√≠prave treidy sa nabaƒæuj√∫ nov√© a nov√© pod√∫lohy, ktor√© musi by≈• splnen√© pred vyugenerovan√≠m samotnej triedy zo ≈°abl√©ny pre triedu. T√°to ≈°abl=ona by mala obsahova≈• v≈°etky tieto vylep≈°enia",,,,,,,,,,,,,,,,,,
K000064,,fd7b354d-8ead-42aa-a615-e545c5c13cd1,,knife,Porovnanie biznis pl√°nov GitHub,User Guide,Koncepty,New,now,01.09.2025,Roman Kazicka,,,Ak√° s√∫ ≈°tartovacie n√°klady na profesion√°lny ekosyst√©m v r√°mci GitHub?,Poƒças pr√≠pravy na semster a z√≠skan√≠ Edu Benefit ma zauj√≠mali ceny za komenƒçn√© pou≈æitoe,,,,,,,,,,,,,,,,,,
K000065,,72cf0d0c-72d5-41b7-8b70-06b46e43e8ab,,knife,GitHub Deployment strat√©gie,User Guide,N√°vod,new,now,02.09.2025,Roman Kazicka,,,"Deployment obsahu v GitHube sa d√° vykona≈• viacer√Ωmi sp√¥sobmi.
Obsah v MD s√∫boroch sa d√° konzumova≈• cez GitHub, cez Web Pages a Web Pages namapova≈• na vlastn√∫ dom√©nu. Tu je to pop√≠san√© ako sa to rob√≠",,,,,,,,,,,,,,,,,,,
K000066,,a2c536d5-d18f-4d80-a2bd-9ef502904b9a,,knife,Kruhov√Ω portr√©t v GIMP,Mentoring,In≈°pir√°cie na hodnotov√Ω marketing seba sam√©ho,new,now,05.09.2025,Roman Kazicka,,,Pri publikovan√≠ na Web potrebujem kruhov√Ω form√°t obr√°zkov. Najjednoduch≈°ie je pou≈æi≈• GIMP. Pr√°ca na 5 min√∫t,,,,,,,,,,,,,,,,,,,
K000067,,83572f2b-c6d2-4f75-9a41-22457168d71e,,knife,"Kto ma pochv√°li, ak sa nepochv√°lim s√°m?",Knowledge sharing,"Training on the praxis-praktick√Ω webin√°r ako zaƒça≈• pracova≈• s technol√≥giou Enterprise Architect.
Cca 6 hodinov√Ω webin√°r o z√°kladn√Ωch nastaveniach EA 16+",new,now,05.09.2025,Roman Kazicka,,,"Pre mnoh√Ωch je ≈•a≈æko p√≠sa≈• o sebe. ƒΩahko sa skƒ∫zne buƒè ku prece≈àovaniu, alebo naopak ku podce≈àovaniu.
Je to ako s marketingom. Len predmetom propag√°cie sme my sami.
Ak osa prezenetova≈•, pravdivo, transparentne?","Pri ka≈ædej aktualiz√°cii CV, pri ka≈ædej aktualiz√°ci√≠ profilov m√°m ot√°zky, ƒço a ko o sebe prezentova≈•. Viem, ≈æe nie som s√°m, a hƒæadanie odpoved√≠ na moje ot√°zky, m√¥≈æe pom√¥c≈• aj ƒèal≈°√≠m.",,,,, 7S Cycle of Meaningful Knowledge,,,,,,,,,,,,,
K000068,,bfb1bccf-cf2c-4d8a-bc29-c00c6b7e1b8e,,knife,EA Fundamentals,Methodology,Metodika,new,Sparxsystems,05.09.2025,Roman Kazicka,,,"Enterprise architect (Sparxsystems technologies) je univerz√°lny modelovac√≠ n√°stroj.
Od roku 2000 ho pou≈æ√≠vam prakticky na dennej b√°ze a pom√°hal mi v ka≈ædej roly, do ktorej som bol anga≈æovan√Ω. Technick√© roly, ale aj v Top managemente, ITSM, TOGAF, od konceptov, top level architekt√∫ry, solutiopn architekt√∫ry, anal√Ωzy, dizajnu, testovanie, v prev√°dzke.
EA je veƒæmi komplexn√Ω, m√° bohat√∫ dokument√°ciu, napriek tomu je uƒçiaca krivka n√°roƒçn√°.
Webin√°r pon√∫ka prehƒæadnou formou √∫k√°≈æky v podobe praktick√Ωch pr√≠kladov vlastnosti ause casy v ktor√Ω je mo≈æn√© EA pou≈æ√≠va≈•.","Dokument√°cia v IT ‚Äì strategick√° hodnota, alebop strata ƒçasu https://leanpub.com/7D",,,,,,,,,,,,,,,,,,
K000069,,ea7ecfe2-fc8d-4c67-9966-187ef88afd3b,,knife,7Ds-Seven Disciplines for successful solutions,Methodology,Metodika,ongoing,medium,05.09.2025,Roman Kazicka,,,"Metodika je zameran√° na podporu aktiv√≠t v r√°mci SDLC. Ka≈æd√° potenc√°lna iform√°cia m√° svoje miesto. A je √∫plne jedno v akej technol√≥gi√≠ sa implementuje.
Ja som ju implementoval ako MDG do EA Sparxsystems,
Do GitHUB,
Rozpravcovan√© je vo One Note",T√∫to metodiku pou≈æ√≠vam asi 15 rokov. Pred 10 rokmi som o nej vydal aj knihu,,,,,,,,,,,,,,,,,,
K000070,,c5d8b05b-4afb-4618-8ca4-657a78acd5d8,,knife,"APV-Assets-Perspectives-Views, Keep Your Aseests in Order",Methodology,Metodika,ongoing,medium,05.09.2025,Roman Kazicka,,,"Metodika na podporu mana≈æmentu akt√≠v v r√°mci SDLC. 
TAXON√ìMIA, ONTOL√ìGIA akt√≠v a ich vz≈•ahiv z pohƒæadu r√¥znych rol√≠, aby platilo 3RS- Right ‚Äì Information-For Right Role- In Right Time","Na tejto metodike pracujem minim√°lne od roku 2008. 8 Rokov som ju verifikoval v VW Bratislava na cca 50000 evidovan√Ωch akt√≠vach IT. Je to nov√° veƒæ√° t√©ma, bez ktorej IT nem√¥≈æe napredova≈•,",,LEVEL 6- expert,Enterprise architecture,Expert,,,,,,,,,,,,,,
K000071,,d0c8a434-fc6d-4444-8c4e-7577fd78dc0a,,knife,Q12- Twelve quadrants for starting business,Methodology,Metodika,ongoing,medium,05.09.2025,Roman Kazicka,,,"Metodika zameran√° na 12 kvadrantov, ktor√© je minim√°lne potrebn√© zohƒæadni≈• pri budovan√≠ nov√©ho biznisu. Vhodn√© najm√§ pre startupy, ale aj pre ka≈æd√©ho jednotlivca, ktor√Ω by chcel rozbehn√∫≈• vlastn√© podnikanie. ","T√∫to metodiku som vypracoval pred 10 rokmi. S√°m sa ≈àou nech√°vam in≈°pirova≈•, ale nie som dos≈• d√¥sledn√Ω. Pl√°nujem to zmeni≈•. A aj keƒè nevypl≈àam jednotliv√© kapitoly do nejak√©ho syst√©mu, niekde v podvedm√≠ sa riadim z√°kladn√Ωmi princ√≠pmi.",,Level 5 ‚Äì Ensure / Advise,Biznis development,Beginner,,,,,,,,,,,,,,
K000072,,e2e77f43-e904-4438-8a74-07ac68541237,,knife,SDLC-Solution Development Life Cycle,Methodology,Metodika,ongoing,medium,05.09.2025,Roman Kazicka,,,"T√°to metodika vych√°dza z univerz√°lneho V ‚Äì modelu. Podporuje princ√≠ly vuizu√°lneho mana≈æmentu v r√°mci cel√©ho ≈•ivotn√©ho cyklu rie≈°en√≠. To z√°h≈ï≈àa desiatky rol√≠ a stovky rol√≠ v r√°tane z√°kazn√≠ka, dod√°vateƒæa, subdod√°vateƒæov, a podnikateƒæsk√©ho prostredia, regul√°torov, z√°konov, politickej situ√°cie","Od zaƒçiatku svojej profesion√°lnej kari√©ry vych√°dzam z V modelu a jeho princ√≠pov. Nie v≈ædy dodr≈æujem princ√≠py, z r√¥znych d√¥vodov, ale pom√°ha mi to pochopi≈• kontext cel√©ho rie≈°enia",,Level 3 ‚Äì Apply ‚Üí samostatn√° pr√°ca,Solution Development,Beginner,,,,,,,,,,,,,,
K000073,,3908aa84-1d7b-4ba7-8d41-ca17e1087d86,,knife,Lean canvas,Methodology,Metodika na Solution development,done md,medium,05.08.2025,Roman Kazicka,,,Implemet√°cia Lean canvas do celkov√©ho frameworku pre podporu vytv√°rania rie≈°en√≠. Patr√≠ ku metodike Q12,"Ka≈æd√© rie≈°enie si zasl√∫≈æi anal√Ωzu z pohƒæadu jednoduch√©ho biznis pl√°nu. Pokiaƒæ nem√°m aspo≈à koncept bisnis pl√°nu, ak√© je ≈°anca na √∫se≈°n√∫ realiz√°ciu projektu?",,Level 3 ‚Äì Apply ‚Üí samostatn√° pr√°ca ,Bisnis development,Beginner,,,,,,,,,,,,,,
K000074,K075_Display,55dc93cb-b910-48ef-8ce7-8a72009286f5,,knife,"CAA- Context Aware Approach, CASY-Context Aware Systems, CASo-Context Aware Solution",Methodology,Metodika na hodnotv√Ω markerting ‚Äì PULL marketing,ongoing,medium,05.09.2025,Roman Kazicka,,,"Neexistuje situ√°cia, kedy m√¥≈æeme ignorova≈• kontext. Neznalos≈• tohto princ√≠pu vedie k obrovsk√Ωm nepochopeniam, chyb√°m, manipul√°ciam, sporom. √öplne zbytoƒçne. Ak sa na zaƒçiatku ujasn√≠ kontext, tak okam≈æite sa dostavuje porozumenie a nast√°va kon≈°trukt√≠vny pr√≠stup.
Tam kde sa precuje s manip√°ciami, je takmer ist√©, ≈æe ss vedome , ale aj neveome menia kontexty. Hovor√≠ sa ‚ÄûJa o koze a ty o voze‚Äú , ale ka≈æd√Ω si mysl√≠, ≈æe m√° pravdu, ≈æe ten druh√Ω je blbec. A to nehovor√≠m o politickej manipul√°cii z√°mern√©ho pods√∫vania in√Ωch kontextov bez objasnenia kontextov. ","Na ka≈ædom kroku  sa stret√°vam s nepochopen√≠m tohto  z√°kladn√©ho princ√≠pu. Ujasnime si na≈°e kontexty a potom sa rozpr√°vajme.
Ak to takto pomenujeme, okam≈æite odhal√≠me vedom√© manipul√°cie, pr√≠padne zn√≠≈æime nevedom√© nedorozumenia.
 Napr√≠klad diskusia ‚Äûƒåo je lep≈°ie Apple alebo windows‚Äú,
BMW alebo DACIA?
Bentley alebo MAIBACH?
Ak si ujasn√≠me kontext, ak√© krit√©ria, v akej situ√°ci je ktor√© rie≈°enie lep≈°ie, prest√°va by≈• priestor na spor, a vytv√°ra sa kon≈°truk√≠vna atmosf=√©ra na rie≈°enia k√©hokoƒævek probl√©mu, v malom, aj vo veƒækom.
",,LEVEL 6- expert,"Relationship development
Trust development",High awareness,,,,,,,,,,,,,,
K000075,,8566c5a6-e260-4cb7-bf8e-d7eedc89bf7f,,knife,KNIFE047 ‚Äì 7S Cycle of Meaningful Knowledge,Implement√°cia,"Implement√°cia, n√°stroje, Procesy",ongoing,medium,05.09.2025,Roman Kazicka,,,"Modern√© technol√≥gie umo≈æ≈àuj√∫ vyu≈æ√≠va≈• a zneu≈æ√≠va≈• r√¥zne techniky marketingu. ƒåo si zvol√≠me PUSH, alebo PULL pr√≠stup. T√°to metodika je zameran√° na PULL marketing. 
Re≈°pekt slobodn=ho rozhodovania bez ak√©hokoƒævek n√°tlaku (napr. ƒçasovo limitovan√© zƒæavy)
Marketing budovan√Ω na z√°klade d√¥very a spoloƒçn√Ωch hodn√¥t","Nem√°m r√°d n√°tlakov√Ω marketing. Sna≈æ√≠m sa budova≈• osobn√∫ znaƒçku, dobr√∫ reput√°ciu, d√¥veru bez n√°tlaku, na z√°kladu kvaluty a re≈°pektu.",,LEVEL 2,"Relationship development
Trust development",High awareness,,,,,,,,,,,,,,
K000076,,0486c717-dc17-41c2-ab44-f2f365c4a7be,,knife,Language as a Bridge (AI ako most medzi jazykmi),Glossary,Vysvetlenie pojmu,ongoing,medium,05.09.2025,Roman Kazicka,,,"Language as a Bridge ‚Üí implement√°cia, n√°stroje, procesy (ako).","Typ: Praktick√Ω n√°vod / Metodika
	‚Ä¢	Status: Draft
	‚Ä¢	Obsah:
	1.	Struƒçn√Ω recap LaaS (odkaz na K055).
	2.	Ako AI umo≈æ≈àuje mosty medzi jazykmi.
	3.	GitHub CI/CD pr√≠klady (preklady Markdown s√∫borov).
	4.	LinkedIn posty ‚Äì autenticita v materinskom jazyku vs. preklad pre glob√°lne publikum.
	5.	Dopady pre ≈°tudentov (p√≠sa≈• autenticky, AI sa postar√° o zvy≈°ok).
	‚Ä¢	Motto:
‚ÄûJazyk nemus√≠ by≈• bari√©rou. AI stavia mosty, aby sme mohli ka≈æd√Ω r√°s≈• na vlastnej p√¥de.‚Äú",,LEVEL 6- expert,Solution Development,Expert,"055 ‚Äì KNIFE_LaaS ‚Üí fundament, hodnoty, filozofia (preƒço a ƒço).",,,,,,,,,,,,,
K000077,,67fa4142-7407-4ca8-a24a-a0777669bc26,,knife,ƒåo znamen√° slovo ≈æe je nieƒço idempotentn√©?,Explanation,Docusaurus vs. GitHub Pages. Architekt√∫ra,now,medium,15.09.2029,Roman Kaziƒçka,,,Dos≈• ƒçasto sa zaƒçalo pou≈æ√≠va≈• slovo idempotentn√° oper√°cia. Ako to ale vzniklo? Preƒço to vzniklo?,"Pri pr√≠prave ≈°trukt√∫ry adres√°rov pre repozit√°r roƒçn√≠ka publik sme pri≈°li ku skriptu, ktor√Ω nazval AI idempotentn√Ω skript. Po≈æiadal som o vysvetlenie aj s hist√≥riou slova",,,,,,,,,,,,,,,,,,
K000078,,9fa013f5-0130-4af4-8e6e-db4ca6d38397,,knife,Docusaurus-vs-github-pages-package-json,Infrastructure,N√°vod na rie≈°enie,now,medium,17.09.2025,Roman Kaziƒçka,,,Ako vytvori≈• OS agnostck√© prostredie pre KNIFE? Poznanie architekt√∫ry odpovie na ot√°zku jednotn√©ho syst√©mu pre v√Ωvoj KNIFES,"Poƒças pr√≠pravyi ekosyst√©mu pre windows, vznikla potreba ak√° je architekt√∫ra GitHub a Docusaurus a ako to urobi≈• univerz√°lne","GitHub, React, Docusaurus",,,,,,,,,,,,,,,,,
K000079,,d668f12d-7a40-4940-998f-13dba8edeb2b,,knife,Transparentn√° -Stabiln√° infra≈°trukt√∫ra pre Sites,UserGuide pre Markdown,N√°vod na rie≈°enia,idea,hi,25.09.2025,Roman Kaziƒçka,,,"Poƒças pr√°ce s GitHub a Pages je potrebn√© ma≈• zladen√© prostredie na klientovi a na serveri. Lok√°l je z√°visl√Ω od OS, od verz√≠ v√Ωvojov√Ωch n√°strojov. Ide√°lne by bolo, keby existovalo stabiln√©, opakovateƒæn√© prostredie pre vytvorenie lok√°lneho prostredia, bez ohƒæadu na operaƒçn√Ω syst√©m na klientovi ‚Äì Windows, Mac, Linux.","Keby som mal vlasy, boli by ako sned na hor√°ch. Keby som sa nerozhodol pre Sites, tedz Web pr√≠stup ku svojmu obsahu, u≈°etril by som mno≈æstvo ƒçasu. Ale stratil by som z√°kladn√∫ hodnotu- Jednoduch√Ω Web pr√≠stup k tomuto obsahu.","GitHUb, React, Docusaurus, Windows, Mac, Linux",LEVEL -6-Expert,Architecture,Expert,,,,,,,,,,,,,,
K000080,,5174fcab-7594-4e7e-8582-7396133dec8c,,knife,Ako urobi≈• text v MD atrakt√≠vnej≈°√≠ (emoji),UserGuide,N√°vod na rie≈°enie,done md,low,25.09.2025,Roman Kaziƒçka,,,ƒå√≠tanie s porozumen√≠m je veƒæmi n√°roƒçn√° discipl√≠na. Preto je d√¥le≈æit√© pribl√≠≈æi≈• text ku pr√≠behu pomocou mal√Ωch obr√°zkov. Dobr√Ω kandif‚Äôd√°t je EMOJI,"Pri p√≠san√≠ KNIFE ƒçlovek potrebuje p√≠sa≈• r√Ωchlo, lebo KNIFE nie je jeho prim√°rny cieƒæ. Ka≈æd√° pom√¥cka  je cenn√°, ≈°etr√≠ ƒças.",Markdown,beginer,Documentation,,,,,,,,,,,,,,,
K000081,,02921a34-5a83-4713-bafa-1be560a98d18,,knife,Aktualiz√°cia komponentov pre Docusaurus,UserGuide,N√°vod na rie≈°enie,done md,low,25.09.2025,Roman Kaziƒçka,,,"V≈°etko m√° ≈æivotn√Ω cyklus. Na≈°e dokumenty, ale aj syst√©my a n√°stroje, ktor√© pou≈æ√≠vame. Preto nikdy nem√°me stabiln√©, nemenn√© prostredie. Tak Aj docusaurus sa st√°le mn√≠ a vznikaj√∫ z√°vislosti a ƒçlovek sa m√¥≈æe zbl√°zni≈• a rie≈°i infra≈°trukt√∫ru a nie to ƒço potrebuje rie≈°i≈•.","Keƒè si u≈æ mysl√≠≈°, ≈æe si dokonƒçil svoju p√°cu a chce≈° √≠s≈• spa≈•, commitne≈° posledn√∫ zmenu, otestovan√∫ na lok√°li a pusnesh to na server, u≈æ sa te≈°√≠≈° do postele, ale preds apo oƒçku pozrie≈• na server ƒçi ti to builduje‚Ä¶. ƒåerven√° ikona ≈•a vyvedie z omylu‚Ä¶. A zaƒç√≠na≈° noƒçn√∫. Nie v posteli ale za kl√°vesnicou‚Ä¶","Development, Maintenance",L1-L8 everybody,Maintenence,,,,,,,,,,,,,,,
K000082,RKA_K085,060ab917-70a9-4e1f-b1db-a6c9fc8ce8b3,,knife,Ako aktivova≈• na GitHube EDU benefity,Testy,Test,in progress,low,26.09.2025,Roman Kaziƒçka,,,"Pokiaƒæ  spƒ∫≈àa pou≈æ√≠vateƒæ krit√©ri√° GitHub, m√¥≈æe dosta≈• pre seba pre svoj profil status ƒçlena EDU organiz√°cie. M√° to viaceroo v√Ωhod ako Sites pre priv√°tne reposit√°re, ƒço by st√°lo 3‚Ç¨/mesiac. Detailnej≈°ie v inom Knife. V tomto pr√≠spevku je samotn√° aktiv√°cia t√Ωchto benefitov",,,,,,,,,,,,,,,,,,,
K000083,RKA_K085,7e41fe41-1fcc-4dc9-912d-8b422c9ca272,,knife,Testovac√≠ knife2,Testy,Test,testing,,27.09.2025,Roman Kazicka,,,Tento riadok sl√∫≈æi na overenie funkƒçnosti gener√°tora,len tak,,,,,,,,,,,,,,,,,,
K000084,,c000d02a-b7ed-4e78-a5be-9e8e975445e0,,knife,Testovac√≠ knife3,,Test,testing,,27.09.2025,Roman Kazicka,,,Tento riadok sl√∫≈æi na overenie funkƒçnosti gener√°tora,len tak,,,,,,,,,,,,,,,,,,
